"","unique.id","chr","start.x","stop.x","X5.mer.x","strand.x","fraction.modified.x","coverage.x","Annotation.x","Detailed.Annotation.x","Distance.to.TSS.x","Nearest.PromoterID.x","Entrez.ID.x","Nearest.Unigene.x","variedad.x","start.y","stop.y","X5.mer.y","strand.y","fraction.modified.y","coverage.y","Annotation.y","Detailed.Annotation.y","Distance.to.TSS.y","Nearest.PromoterID.y","Entrez.ID.y","Nearest.Unigene.y","variedad.y","start.x.x","stop.x.x","X5.mer.x.x","strand.x.x","fraction.modified.x.x","coverage.x.x","Annotation.x.x","Detailed.Annotation.x.x","Distance.to.TSS.x.x","Nearest.PromoterID.x.x","Entrez.ID.x.x","Nearest.Unigene.x.x","variedad.x.x","start.y.y","stop.y.y","X5.mer.y.y","strand.y.y","fraction.modified.y.y","coverage.y.y","Annotation.y.y","Detailed.Annotation.y.y","Distance.to.TSS.y.y","Nearest.PromoterID.y.y","Entrez.ID.y.y","Nearest.Unigene.y.y","variedad.y.y","start.x.x.x","stop.x.x.x","X5.mer.x.x.x","strand.x.x.x","fraction.modified.x.x.x","coverage.x.x.x","Annotation.x.x.x","Detailed.Annotation.x.x.x","Distance.to.TSS.x.x.x","Nearest.PromoterID.x.x.x","Entrez.ID.x.x.x","Nearest.Unigene.x.x.x","variedad.x.x.x","start.y.y.y","stop.y.y.y","X5.mer.y.y.y","strand.y.y.y","fraction.modified.y.y.y","coverage.y.y.y","Annotation.y.y.y","Detailed.Annotation.y.y.y","Distance.to.TSS.y.y.y","Nearest.PromoterID.y.y.y","Entrez.ID.y.y.y","Nearest.Unigene.y.y.y","variedad.y.y.y","start","stop","X5.mer","strand","fraction.modified","coverage","Annotation","Detailed.Annotation","Distance.to.TSS","Nearest.PromoterID","Entrez.ID","Nearest.Unigene","variedad"
"1","chr00:10148591:GGACC:+","chr00",10148591,10148592,"GGACC","+",0,10,"TTS (MELO3C027627.2.1)","-TTS (MELO3C027627.2.1)",978,"MELO3C027627.2.1","MELO3C027627","MELO3C027627.2","AM3-6",NA,NA,NA,NA,NA,NA,NA,NA,NA,NA,NA,NA,NA,NA,NA,NA,NA,NA,NA,NA,NA,NA,NA,NA,NA,NA,NA,NA,NA,NA,NA,NA,NA,NA,NA,NA,NA,NA,NA,NA,NA,NA,NA,NA,NA,NA,NA,NA,NA,NA,NA,NA,NA,NA,NA,NA,NA,NA,NA,NA,NA,NA,NA,NA,NA,NA,NA,NA,NA,NA,NA,NA,NA,NA,NA,NA,NA,NA
"2","chr00:10889361:GGACC:+","chr00",10889361,10889362,"GGACC","+",0.1905,27,"TTS (MELO3C000241.2.1)","-TTS (MELO3C000241.2.1)",489,"MELO3C027648.2.1","","","AM3-6",NA,NA,NA,NA,NA,NA,NA,NA,NA,NA,NA,NA,NA,NA,NA,NA,NA,NA,NA,NA,NA,NA,NA,NA,NA,NA,NA,NA,NA,NA,NA,NA,NA,NA,NA,NA,NA,NA,NA,NA,NA,NA,NA,NA,NA,NA,NA,NA,NA,NA,NA,NA,NA,NA,NA,NA,NA,NA,NA,NA,NA,NA,NA,NA,NA,NA,NA,NA,NA,NA,NA,NA,NA,NA,NA,NA,NA,NA
"3","chr00:15756073:GGACT:+","chr00",15756073,15756074,"GGACT","+",0,7,"TTS (MELO3C028443.2.1)","-TTS (MELO3C028443.2.1)",-11809,"MELO3C027763.2.1","MELO3C027763","MELO3C027763.2","AM3-6",NA,NA,NA,NA,NA,NA,NA,NA,NA,NA,NA,NA,NA,NA,NA,NA,NA,NA,NA,NA,NA,NA,NA,NA,NA,NA,NA,NA,NA,NA,NA,NA,NA,NA,NA,NA,NA,NA,NA,NA,NA,NA,NA,NA,NA,NA,NA,NA,NA,NA,NA,NA,NA,NA,NA,NA,NA,NA,NA,NA,NA,NA,NA,NA,NA,NA,NA,NA,NA,NA,NA,NA,NA,NA,NA,NA,NA,NA
"4","chr00:15768772:GGACC:+","chr00",15768772,15768773,"GGACC","+",0.25,6,"TTS (MELO3C027763.2.1)","-TTS (MELO3C027763.2.1)",890,"MELO3C027763.2.1","MELO3C027763","MELO3C027763.2","AM3-6",NA,NA,NA,NA,NA,NA,NA,NA,NA,NA,NA,NA,NA,NA,NA,NA,NA,NA,NA,NA,NA,NA,NA,NA,NA,NA,NA,NA,NA,NA,NA,NA,NA,NA,NA,NA,NA,NA,NA,NA,NA,NA,NA,NA,NA,NA,NA,NA,NA,NA,NA,NA,NA,NA,NA,NA,NA,NA,NA,NA,NA,NA,NA,NA,NA,NA,NA,NA,NA,NA,NA,NA,NA,NA,NA,NA,NA,NA
"5","chr00:16693555:GGACT:+","chr00",16693555,16693556,"GGACT","+",0.2857,7,"promoter-TSS (MELO3C027783.2.1)","-promoter-TSS (MELO3C027783.2.1)",-458,"MELO3C027783.2.1","","","AM3-6",NA,NA,NA,NA,NA,NA,NA,NA,NA,NA,NA,NA,NA,NA,NA,NA,NA,NA,NA,NA,NA,NA,NA,NA,NA,NA,NA,NA,NA,NA,NA,NA,NA,NA,NA,NA,NA,NA,NA,NA,NA,NA,NA,NA,NA,NA,NA,NA,NA,NA,NA,NA,NA,NA,NA,NA,NA,NA,NA,NA,NA,NA,NA,NA,NA,NA,NA,NA,NA,NA,NA,NA,NA,NA,NA,NA,NA,NA
"6","chr00:22030941:GGACT:-","chr00",22030941,22030942,"GGACT","-",0.8,5,"TTS (MELO3C028502.2.1)","-TTS (MELO3C028502.2.1)",105,"MELO3C028502.2.1","MELO3C028502","MELO3C028502.2","AM3-6",NA,NA,NA,NA,NA,NA,NA,NA,NA,NA,NA,NA,NA,NA,NA,NA,NA,NA,NA,NA,NA,NA,NA,NA,NA,NA,NA,NA,NA,NA,NA,NA,NA,NA,NA,NA,NA,NA,NA,NA,NA,NA,NA,NA,NA,NA,NA,NA,NA,NA,NA,NA,NA,NA,NA,NA,NA,NA,NA,NA,NA,NA,NA,NA,NA,NA,NA,NA,NA,NA,NA,NA,NA,NA,NA,NA,NA,NA
"7","chr00:22031384:GGACC:+","chr00",22031384,22031385,"GGACC","+",0.25,6,"TTS (MELO3C027908.2.1)","-TTS (MELO3C027908.2.1)",548,"MELO3C028502.2.1","MELO3C028502","MELO3C028502.2","AM3-6",NA,NA,NA,NA,NA,NA,NA,NA,NA,NA,NA,NA,NA,NA,NA,NA,NA,NA,NA,NA,NA,NA,NA,NA,NA,NA,NA,NA,NA,NA,NA,NA,NA,NA,NA,NA,NA,NA,NA,NA,NA,NA,NA,NA,NA,NA,NA,NA,NA,NA,NA,NA,NA,NA,NA,NA,NA,NA,NA,NA,NA,NA,NA,NA,NA,NA,NA,NA,NA,NA,NA,NA,NA,NA,NA,NA,NA,NA
"8","chr00:25935854:GGACT:+","chr00",25935854,25935855,"GGACT","+",0.2857,7,"promoter-TSS (MELO3C028031.2.1)","-promoter-TSS (MELO3C028031.2.1)",60,"MELO3C028031.2.1","MELO3C028031","MELO3C028031.2","AM3-6",NA,NA,NA,NA,NA,NA,NA,NA,NA,NA,NA,NA,NA,NA,NA,NA,NA,NA,NA,NA,NA,NA,NA,NA,NA,NA,NA,NA,NA,NA,NA,NA,NA,NA,NA,NA,NA,NA,NA,NA,NA,NA,NA,NA,NA,NA,NA,NA,NA,NA,NA,NA,NA,NA,NA,NA,NA,NA,NA,NA,NA,NA,NA,NA,NA,NA,NA,NA,NA,NA,NA,NA,NA,NA,NA,NA,NA,NA
"9","chr00:2729784:AGACT:+","chr00",2729784,2729785,"AGACT","+",0.875,8,"promoter-TSS (MELO3C027480.2.1)","-promoter-TSS (MELO3C027480.2.1)",-42,"MELO3C027480.2.1","MELO3C027480","MELO3C027480.2","AM3-6",NA,NA,NA,NA,NA,NA,NA,NA,NA,NA,NA,NA,NA,NA,NA,NA,NA,NA,NA,NA,NA,NA,NA,NA,NA,NA,NA,NA,NA,NA,NA,NA,NA,NA,NA,NA,NA,NA,NA,NA,NA,NA,NA,NA,NA,NA,NA,NA,NA,NA,NA,NA,NA,NA,NA,NA,NA,NA,NA,NA,NA,NA,NA,NA,NA,NA,NA,NA,NA,NA,NA,NA,NA,NA,NA,NA,NA,NA
"10","chr00:296704:GGACA:-","chr00",296704,296705,"GGACA","-",0.6667,7,"intron (MELO3C027432.2.1, intron 1 of 9)","-intron (MELO3C027432.2.1, intron 1 of 9)",532,"MELO3C027432.2.1","MELO3C027432","MELO3C027432.2","AM3-6",NA,NA,NA,NA,NA,NA,NA,NA,NA,NA,NA,NA,NA,NA,NA,NA,NA,NA,NA,NA,NA,NA,NA,NA,NA,NA,NA,NA,NA,NA,NA,NA,NA,NA,NA,NA,NA,NA,NA,NA,NA,NA,NA,NA,NA,NA,NA,NA,NA,NA,NA,NA,NA,NA,NA,NA,NA,NA,NA,NA,NA,NA,NA,NA,NA,NA,NA,NA,NA,NA,NA,NA,NA,NA,NA,NA,NA,NA
"11","chr00:30219522:GGACA:+","chr00",30219522,30219523,"GGACA","+",0.6,6,"promoter-TSS (MELO3C028135.2.1)","-promoter-TSS (MELO3C028135.2.1)",78,"MELO3C028135.2.1","MELO3C028135","MELO3C028135.2","AM3-6",NA,NA,NA,NA,NA,NA,NA,NA,NA,NA,NA,NA,NA,NA,NA,NA,NA,NA,NA,NA,NA,NA,NA,NA,NA,NA,NA,NA,NA,NA,NA,NA,NA,NA,NA,NA,NA,NA,NA,NA,NA,NA,NA,NA,NA,NA,NA,NA,NA,NA,NA,NA,NA,NA,NA,NA,NA,NA,NA,NA,NA,NA,NA,NA,NA,NA,NA,NA,NA,NA,NA,NA,NA,NA,NA,NA,NA,NA
"12","chr00:31495546:GGACC:-","chr00",31495546,31495547,"GGACC","-",0.75,5,"exon (MELO3C028566.2.1, exon 6 of 11)","-exon (MELO3C028566.2.1, exon 6 of 11)",1284,"MELO3C028566.2.1","MELO3C028566","MELO3C028566.2","AM3-6",NA,NA,NA,NA,NA,NA,NA,NA,NA,NA,NA,NA,NA,NA,NA,NA,NA,NA,NA,NA,NA,NA,NA,NA,NA,NA,NA,NA,NA,NA,NA,NA,NA,NA,NA,NA,NA,NA,NA,NA,NA,NA,NA,NA,NA,NA,NA,NA,NA,NA,NA,NA,NA,NA,NA,NA,NA,NA,NA,NA,NA,NA,NA,NA,NA,NA,NA,NA,NA,NA,NA,NA,NA,NA,NA,NA,NA,NA
"13","chr00:32652905:GGACA:+","chr00",32652905,32652906,"GGACA","+",0.75,6,"TTS (MELO3C028192.2.1)","-TTS (MELO3C028192.2.1)",1245,"MELO3C028192.2.1","MELO3C028192","MELO3C028192.2","AM3-6",NA,NA,NA,NA,NA,NA,NA,NA,NA,NA,NA,NA,NA,NA,NA,NA,NA,NA,NA,NA,NA,NA,NA,NA,NA,NA,NA,NA,NA,NA,NA,NA,NA,NA,NA,NA,NA,NA,NA,NA,NA,NA,NA,NA,NA,NA,NA,NA,NA,NA,NA,NA,NA,NA,NA,NA,NA,NA,NA,NA,NA,NA,NA,NA,NA,NA,NA,NA,NA,NA,NA,NA,NA,NA,NA,NA,NA,NA
"14","chr00:32936656:GGACA:-","chr00",32936656,32936657,"GGACA","-",0.6562,44,"promoter-TSS (MELO3C028205.2.1)","-promoter-TSS (MELO3C028205.2.1)",-14,"MELO3C028205.2.1","MELO3C028205","MELO3C028205.2","AM3-6",NA,NA,NA,NA,NA,NA,NA,NA,NA,NA,NA,NA,NA,NA,NA,NA,NA,NA,NA,NA,NA,NA,NA,NA,NA,NA,NA,NA,NA,NA,NA,NA,NA,NA,NA,NA,NA,NA,NA,NA,NA,NA,NA,NA,NA,NA,NA,NA,NA,NA,NA,NA,NA,NA,NA,NA,NA,NA,NA,NA,NA,NA,NA,NA,NA,NA,NA,NA,NA,NA,NA,NA,NA,NA,NA,NA,NA,NA
"15","chr00:33054487:GGACC:+","chr00",33054487,33054488,"GGACC","+",0.3,11,"TTS (MELO3C028574.2.1)","-TTS (MELO3C028574.2.1)",704,"MELO3C028574.2.1","MELO3C028574","MELO3C028574.2","AM3-6",NA,NA,NA,NA,NA,NA,NA,NA,NA,NA,NA,NA,NA,NA,NA,NA,NA,NA,NA,NA,NA,NA,NA,NA,NA,NA,NA,NA,NA,NA,NA,NA,NA,NA,NA,NA,NA,NA,NA,NA,NA,NA,NA,NA,NA,NA,NA,NA,NA,NA,NA,NA,NA,NA,NA,NA,NA,NA,NA,NA,NA,NA,NA,NA,NA,NA,NA,NA,NA,NA,NA,NA,NA,NA,NA,NA,NA,NA
"16","chr00:4012893:GGACT:+","chr00",4012893,4012894,"GGACT","+",0.0769,13,"TTS (MELO3C027160.2.1)","-TTS (MELO3C027160.2.1)",479,"MELO3C027160.2.1","MELO3C027160","MELO3C027160.2","AM3-6",NA,NA,NA,NA,NA,NA,NA,NA,NA,NA,NA,NA,NA,NA,NA,NA,NA,NA,NA,NA,NA,NA,NA,NA,NA,NA,NA,NA,NA,NA,NA,NA,NA,NA,NA,NA,NA,NA,NA,NA,NA,NA,NA,NA,NA,NA,NA,NA,NA,NA,NA,NA,NA,NA,NA,NA,NA,NA,NA,NA,NA,NA,NA,NA,NA,NA,NA,NA,NA,NA,NA,NA,NA,NA,NA,NA,NA,NA
"17","chr00:5878378:GGACC:+","chr00",5878378,5878379,"GGACC","+",1,5,"intron (MELO3C027809.2.1, intron 4 of 5)","-intron (MELO3C027809.2.1, intron 4 of 5)",3562,"MELO3C027809.2.1","MELO3C027809","MELO3C027809.2","AM3-6",NA,NA,NA,NA,NA,NA,NA,NA,NA,NA,NA,NA,NA,NA,NA,NA,NA,NA,NA,NA,NA,NA,NA,NA,NA,NA,NA,NA,NA,NA,NA,NA,NA,NA,NA,NA,NA,NA,NA,NA,NA,NA,NA,NA,NA,NA,NA,NA,NA,NA,NA,NA,NA,NA,NA,NA,NA,NA,NA,NA,NA,NA,NA,NA,NA,NA,NA,NA,NA,NA,NA,NA,NA,NA,NA,NA,NA,NA
"18","chr00:617977:GGACC:-","chr00",617977,617978,"GGACC","-",0.6,9,"TTS (MELO3C027032.2.1)","-TTS (MELO3C027032.2.1)",1078,"MELO3C027032.2.1","MELO3C027032","MELO3C027032.2","AM3-6",NA,NA,NA,NA,NA,NA,NA,NA,NA,NA,NA,NA,NA,NA,NA,NA,NA,NA,NA,NA,NA,NA,NA,NA,NA,NA,NA,NA,NA,NA,NA,NA,NA,NA,NA,NA,NA,NA,NA,NA,NA,NA,NA,NA,NA,NA,NA,NA,NA,NA,NA,NA,NA,NA,NA,NA,NA,NA,NA,NA,NA,NA,NA,NA,NA,NA,NA,NA,NA,NA,NA,NA,NA,NA,NA,NA,NA,NA
"19","chr00:6705289:GGACA:-","chr00",6705289,6705290,"GGACA","-",0.6364,16,"promoter-TSS (MELO3C027329.2.1)","-promoter-TSS (MELO3C027329.2.1)",-15,"MELO3C027330.2.1","MELO3C027330","MELO3C027330.2","AM3-6",NA,NA,NA,NA,NA,NA,NA,NA,NA,NA,NA,NA,NA,NA,NA,NA,NA,NA,NA,NA,NA,NA,NA,NA,NA,NA,NA,NA,NA,NA,NA,NA,NA,NA,NA,NA,NA,NA,NA,NA,NA,NA,NA,NA,NA,NA,NA,NA,NA,NA,NA,NA,NA,NA,NA,NA,NA,NA,NA,NA,NA,NA,NA,NA,NA,NA,NA,NA,NA,NA,NA,NA,NA,NA,NA,NA,NA,NA
"20","chr01:17470338:GGACT:-","chr01",17470338,17470339,"GGACT","-",1,5,"exon (MELO3C028750.2.1, exon 2 of 6)","-exon (MELO3C028750.2.1, exon 2 of 6)",1559,"MELO3C028750.2.1","MELO3C028750","MELO3C028750.2","AM3-6",NA,NA,NA,NA,NA,NA,NA,NA,NA,NA,NA,NA,NA,NA,NA,NA,NA,NA,NA,NA,NA,NA,NA,NA,NA,NA,NA,NA,NA,NA,NA,NA,NA,NA,NA,NA,NA,NA,NA,NA,NA,NA,NA,NA,NA,NA,NA,NA,NA,NA,NA,NA,NA,NA,NA,NA,NA,NA,NA,NA,NA,NA,NA,NA,NA,NA,NA,NA,NA,NA,NA,NA,NA,NA,NA,NA,NA,NA
"21","chr01:20770455:AGACT:-","chr01",20770455,20770456,"AGACT","-",0.75,5,"intron (MELO3C012583.2.1, intron 16 of 46)","-intron (MELO3C012583.2.1, intron 16 of 46)",28974,"MELO3C012583.2.1","MELO3C012583","MELO3C012583.2","AM3-6",NA,NA,NA,NA,NA,NA,NA,NA,NA,NA,NA,NA,NA,NA,NA,NA,NA,NA,NA,NA,NA,NA,NA,NA,NA,NA,NA,NA,NA,NA,NA,NA,NA,NA,NA,NA,NA,NA,NA,NA,NA,NA,NA,NA,NA,NA,NA,NA,NA,NA,NA,NA,NA,NA,NA,NA,NA,NA,NA,NA,NA,NA,NA,NA,NA,NA,NA,NA,NA,NA,NA,NA,NA,NA,NA,NA,NA,NA
"22","chr01:20777947:GGACA:-","chr01",20777947,20777948,"GGACA","-",1,5,"intron (MELO3C012583.2.1, intron 12 of 46)","-intron (MELO3C012583.2.1, intron 12 of 46)",21482,"MELO3C012583.2.1","MELO3C012583","MELO3C012583.2","AM3-6",NA,NA,NA,NA,NA,NA,NA,NA,NA,NA,NA,NA,NA,NA,NA,NA,NA,NA,NA,NA,NA,NA,NA,NA,NA,NA,NA,NA,NA,NA,NA,NA,NA,NA,NA,NA,NA,NA,NA,NA,NA,NA,NA,NA,NA,NA,NA,NA,NA,NA,NA,NA,NA,NA,NA,NA,NA,NA,NA,NA,NA,NA,NA,NA,NA,NA,NA,NA,NA,NA,NA,NA,NA,NA,NA,NA,NA,NA
"23","chr01:22291665:GGACC:-","chr01",22291665,22291666,"GGACC","-",0.6667,5,"intron (MELO3C028797.2.1, intron 8 of 12)","-intron (MELO3C028797.2.1, intron 8 of 12)",4318,"MELO3C012670.2.1","MELO3C012670","MELO3C012670.2","AM3-6",NA,NA,NA,NA,NA,NA,NA,NA,NA,NA,NA,NA,NA,NA,NA,NA,NA,NA,NA,NA,NA,NA,NA,NA,NA,NA,NA,NA,NA,NA,NA,NA,NA,NA,NA,NA,NA,NA,NA,NA,NA,NA,NA,NA,NA,NA,NA,NA,NA,NA,NA,NA,NA,NA,NA,NA,NA,NA,NA,NA,NA,NA,NA,NA,NA,NA,NA,NA,NA,NA,NA,NA,NA,NA,NA,NA,NA,NA
"24","chr01:24086934:AGACT:+","chr01",24086934,24086935,"AGACT","+",0.2,5,"intron (MELO3C012748.2.1, intron 5 of 7)","-intron (MELO3C012748.2.1, intron 5 of 7)",2195,"MELO3C012748.2.1","MELO3C012748","MELO3C012748.2","AM3-6",NA,NA,NA,NA,NA,NA,NA,NA,NA,NA,NA,NA,NA,NA,NA,NA,NA,NA,NA,NA,NA,NA,NA,NA,NA,NA,NA,NA,NA,NA,NA,NA,NA,NA,NA,NA,NA,NA,NA,NA,NA,NA,NA,NA,NA,NA,NA,NA,NA,NA,NA,NA,NA,NA,NA,NA,NA,NA,NA,NA,NA,NA,NA,NA,NA,NA,NA,NA,NA,NA,NA,NA,NA,NA,NA,NA,NA,NA
"25","chr01:24086946:GGACA:+","chr01",24086946,24086947,"GGACA","+",0.5,5,"intron (MELO3C012748.2.1, intron 5 of 7)","-intron (MELO3C012748.2.1, intron 5 of 7)",2207,"MELO3C012748.2.1","MELO3C012748","MELO3C012748.2","AM3-6",NA,NA,NA,NA,NA,NA,NA,NA,NA,NA,NA,NA,NA,NA,NA,NA,NA,NA,NA,NA,NA,NA,NA,NA,NA,NA,NA,NA,NA,NA,NA,NA,NA,NA,NA,NA,NA,NA,NA,NA,NA,NA,NA,NA,NA,NA,NA,NA,NA,NA,NA,NA,NA,NA,NA,NA,NA,NA,NA,NA,NA,NA,NA,NA,NA,NA,NA,NA,NA,NA,NA,NA,NA,NA,NA,NA,NA,NA
"26","chr01:27873246:GGACA:+","chr01",27873246,27873247,"GGACA","+",0.25,5,"intron (MELO3C021115.2.1, intron 10 of 13)","-intron (MELO3C021115.2.1, intron 10 of 13)",10123,"MELO3C021115.2.1","MELO3C021115","MELO3C021115.2","AM3-6",NA,NA,NA,NA,NA,NA,NA,NA,NA,NA,NA,NA,NA,NA,NA,NA,NA,NA,NA,NA,NA,NA,NA,NA,NA,NA,NA,NA,NA,NA,NA,NA,NA,NA,NA,NA,NA,NA,NA,NA,NA,NA,NA,NA,NA,NA,NA,NA,NA,NA,NA,NA,NA,NA,NA,NA,NA,NA,NA,NA,NA,NA,NA,NA,NA,NA,NA,NA,NA,NA,NA,NA,NA,NA,NA,NA,NA,NA
"27","chr01:32584058:GGACA:-","chr01",32584058,32584059,"GGACA","-",0.8,5,"promoter-TSS (MELO3C016027.2.1)","-promoter-TSS (MELO3C016027.2.1)",90,"MELO3C016027.2.1","MELO3C016027","MELO3C016027.2","AM3-6",NA,NA,NA,NA,NA,NA,NA,NA,NA,NA,NA,NA,NA,NA,NA,NA,NA,NA,NA,NA,NA,NA,NA,NA,NA,NA,NA,NA,NA,NA,NA,NA,NA,NA,NA,NA,NA,NA,NA,NA,NA,NA,NA,NA,NA,NA,NA,NA,NA,NA,NA,NA,NA,NA,NA,NA,NA,NA,NA,NA,NA,NA,NA,NA,NA,NA,NA,NA,NA,NA,NA,NA,NA,NA,NA,NA,NA,NA
"28","chr01:32608618:GGACC:-","chr01",32608618,32608619,"GGACC","-",0.75,6,"promoter-TSS (MELO3C028946.2.1)","-promoter-TSS (MELO3C028946.2.1)",-298,"MELO3C028946.2.1","MELO3C028946","MELO3C028946.2","AM3-6",NA,NA,NA,NA,NA,NA,NA,NA,NA,NA,NA,NA,NA,NA,NA,NA,NA,NA,NA,NA,NA,NA,NA,NA,NA,NA,NA,NA,NA,NA,NA,NA,NA,NA,NA,NA,NA,NA,NA,NA,NA,NA,NA,NA,NA,NA,NA,NA,NA,NA,NA,NA,NA,NA,NA,NA,NA,NA,NA,NA,NA,NA,NA,NA,NA,NA,NA,NA,NA,NA,NA,NA,NA,NA,NA,NA,NA,NA
"29","chr01:33941518:GGACT:+","chr01",33941518,33941519,"GGACT","+",0,6,"intron (MELO3C023512.2.1, intron 13 of 41)","-intron (MELO3C023512.2.1, intron 13 of 41)",4520,"MELO3C023512.2.1","MELO3C023512","MELO3C023512.2","AM3-6",NA,NA,NA,NA,NA,NA,NA,NA,NA,NA,NA,NA,NA,NA,NA,NA,NA,NA,NA,NA,NA,NA,NA,NA,NA,NA,NA,NA,NA,NA,NA,NA,NA,NA,NA,NA,NA,NA,NA,NA,NA,NA,NA,NA,NA,NA,NA,NA,NA,NA,NA,NA,NA,NA,NA,NA,NA,NA,NA,NA,NA,NA,NA,NA,NA,NA,NA,NA,NA,NA,NA,NA,NA,NA,NA,NA,NA,NA
"30","chr01:34420714:GGACC:+","chr01",34420714,34420715,"GGACC","+",0.2,5,"promoter-TSS (MELO3C023448.2.1)","-promoter-TSS (MELO3C023448.2.1)",-912,"MELO3C023448.2.1","MELO3C023448","MELO3C023448.2","AM3-6",NA,NA,NA,NA,NA,NA,NA,NA,NA,NA,NA,NA,NA,NA,NA,NA,NA,NA,NA,NA,NA,NA,NA,NA,NA,NA,NA,NA,NA,NA,NA,NA,NA,NA,NA,NA,NA,NA,NA,NA,NA,NA,NA,NA,NA,NA,NA,NA,NA,NA,NA,NA,NA,NA,NA,NA,NA,NA,NA,NA,NA,NA,NA,NA,NA,NA,NA,NA,NA,NA,NA,NA,NA,NA,NA,NA,NA,NA
"31","chr01:4209109:GGACT:+","chr01",4209109,4209110,"GGACT","+",0.3333,5,"TTS (MELO3C024213.2.1)","-TTS (MELO3C024213.2.1)",-3206,"MELO3C024214.2.1","","","AM3-6",NA,NA,NA,NA,NA,NA,NA,NA,NA,NA,NA,NA,NA,NA,NA,NA,NA,NA,NA,NA,NA,NA,NA,NA,NA,NA,NA,NA,NA,NA,NA,NA,NA,NA,NA,NA,NA,NA,NA,NA,NA,NA,NA,NA,NA,NA,NA,NA,NA,NA,NA,NA,NA,NA,NA,NA,NA,NA,NA,NA,NA,NA,NA,NA,NA,NA,NA,NA,NA,NA,NA,NA,NA,NA,NA,NA,NA,NA
"32","chr02:11265583:GGACC:-","chr02",11265583,11265584,"GGACC","-",0.75,5,"TTS (MELO3C009994.2.1)","-TTS (MELO3C009994.2.1)",4306,"MELO3C009994.2.1","MELO3C009994","MELO3C009994.2","AM3-6",NA,NA,NA,NA,NA,NA,NA,NA,NA,NA,NA,NA,NA,NA,NA,NA,NA,NA,NA,NA,NA,NA,NA,NA,NA,NA,NA,NA,NA,NA,NA,NA,NA,NA,NA,NA,NA,NA,NA,NA,NA,NA,NA,NA,NA,NA,NA,NA,NA,NA,NA,NA,NA,NA,NA,NA,NA,NA,NA,NA,NA,NA,NA,NA,NA,NA,NA,NA,NA,NA,NA,NA,NA,NA,NA,NA,NA,NA
"33","chr02:12118016:GGACA:+","chr02",12118016,12118017,"GGACA","+",0.5,5,"intron (MELO3C010033.2.1, intron 10 of 31)","-intron (MELO3C010033.2.1, intron 10 of 31)",-16466,"MELO3C029603.2.1","MELO3C029603","MELO3C029603.2","AM3-6",NA,NA,NA,NA,NA,NA,NA,NA,NA,NA,NA,NA,NA,NA,NA,NA,NA,NA,NA,NA,NA,NA,NA,NA,NA,NA,NA,NA,NA,NA,NA,NA,NA,NA,NA,NA,NA,NA,NA,NA,NA,NA,NA,NA,NA,NA,NA,NA,NA,NA,NA,NA,NA,NA,NA,NA,NA,NA,NA,NA,NA,NA,NA,NA,NA,NA,NA,NA,NA,NA,NA,NA,NA,NA,NA,NA,NA,NA
"34","chr02:14912769:GGACA:-","chr02",14912769,14912770,"GGACA","-",0.75,5,"intron (MELO3C010156.2.1, intron 20 of 31)","-intron (MELO3C010156.2.1, intron 20 of 31)",18951,"MELO3C029629.2.1","MELO3C029629","MELO3C029629.2","AM3-6",NA,NA,NA,NA,NA,NA,NA,NA,NA,NA,NA,NA,NA,NA,NA,NA,NA,NA,NA,NA,NA,NA,NA,NA,NA,NA,NA,NA,NA,NA,NA,NA,NA,NA,NA,NA,NA,NA,NA,NA,NA,NA,NA,NA,NA,NA,NA,NA,NA,NA,NA,NA,NA,NA,NA,NA,NA,NA,NA,NA,NA,NA,NA,NA,NA,NA,NA,NA,NA,NA,NA,NA,NA,NA,NA,NA,NA,NA
"35","chr02:2260773:GGACC:+","chr02",2260773,2260774,"GGACC","+",0.75,5,"intron (MELO3C015492.2.1, intron 8 of 12)","-intron (MELO3C015492.2.1, intron 8 of 12)",4573,"MELO3C015492.2.1","MELO3C015492","MELO3C015492.2","AM3-6",NA,NA,NA,NA,NA,NA,NA,NA,NA,NA,NA,NA,NA,NA,NA,NA,NA,NA,NA,NA,NA,NA,NA,NA,NA,NA,NA,NA,NA,NA,NA,NA,NA,NA,NA,NA,NA,NA,NA,NA,NA,NA,NA,NA,NA,NA,NA,NA,NA,NA,NA,NA,NA,NA,NA,NA,NA,NA,NA,NA,NA,NA,NA,NA,NA,NA,NA,NA,NA,NA,NA,NA,NA,NA,NA,NA,NA,NA
"36","chr02:23914653:GGACC:+","chr02",23914653,23914654,"GGACC","+",0.3333,5,"TTS (MELO3C017373.2.1)","-TTS (MELO3C017373.2.1)",1569,"MELO3C017373.2.1","MELO3C017373","MELO3C017373.2","AM3-6",NA,NA,NA,NA,NA,NA,NA,NA,NA,NA,NA,NA,NA,NA,NA,NA,NA,NA,NA,NA,NA,NA,NA,NA,NA,NA,NA,NA,NA,NA,NA,NA,NA,NA,NA,NA,NA,NA,NA,NA,NA,NA,NA,NA,NA,NA,NA,NA,NA,NA,NA,NA,NA,NA,NA,NA,NA,NA,NA,NA,NA,NA,NA,NA,NA,NA,NA,NA,NA,NA,NA,NA,NA,NA,NA,NA,NA,NA
"37","chr02:24919447:GGACA:+","chr02",24919447,24919448,"GGACA","+",0.6,5,"exon (MELO3C017248.2.1, exon 3 of 28)","-exon (MELO3C017248.2.1, exon 3 of 28)",1511,"MELO3C017248.2.1","","","AM3-6",NA,NA,NA,NA,NA,NA,NA,NA,NA,NA,NA,NA,NA,NA,NA,NA,NA,NA,NA,NA,NA,NA,NA,NA,NA,NA,NA,NA,NA,NA,NA,NA,NA,NA,NA,NA,NA,NA,NA,NA,NA,NA,NA,NA,NA,NA,NA,NA,NA,NA,NA,NA,NA,NA,NA,NA,NA,NA,NA,NA,NA,NA,NA,NA,NA,NA,NA,NA,NA,NA,NA,NA,NA,NA,NA,NA,NA,NA
"38","chr02:26842604:GGACC:+","chr02",26842604,26842605,"GGACC","+",0.3333,5,"promoter-TSS (MELO3C029565.2.1)","-promoter-TSS (MELO3C029565.2.1)",-200,"MELO3C029565.2.1","MELO3C029565","MELO3C029565.2","AM3-6",NA,NA,NA,NA,NA,NA,NA,NA,NA,NA,NA,NA,NA,NA,NA,NA,NA,NA,NA,NA,NA,NA,NA,NA,NA,NA,NA,NA,NA,NA,NA,NA,NA,NA,NA,NA,NA,NA,NA,NA,NA,NA,NA,NA,NA,NA,NA,NA,NA,NA,NA,NA,NA,NA,NA,NA,NA,NA,NA,NA,NA,NA,NA,NA,NA,NA,NA,NA,NA,NA,NA,NA,NA,NA,NA,NA,NA,NA
"39","chr02:2937396:GGACT:+","chr02",2937396,2937397,"GGACT","+",0.5,6,"exon (MELO3C015567.2.1, exon 5 of 6)","-exon (MELO3C015567.2.1, exon 5 of 6)",2895,"MELO3C015567.2.1","MELO3C015567","MELO3C015567.2","AM3-6",NA,NA,NA,NA,NA,NA,NA,NA,NA,NA,NA,NA,NA,NA,NA,NA,NA,NA,NA,NA,NA,NA,NA,NA,NA,NA,NA,NA,NA,NA,NA,NA,NA,NA,NA,NA,NA,NA,NA,NA,NA,NA,NA,NA,NA,NA,NA,NA,NA,NA,NA,NA,NA,NA,NA,NA,NA,NA,NA,NA,NA,NA,NA,NA,NA,NA,NA,NA,NA,NA,NA,NA,NA,NA,NA,NA,NA,NA
"40","chr02:6162855:GGACC:+","chr02",6162855,6162856,"GGACC","+",0.6,5,"promoter-TSS (MELO3C015198.2.1)","-promoter-TSS (MELO3C015198.2.1)",-752,"MELO3C015198.2.1","MELO3C015198","MELO3C015198.2","AM3-6",NA,NA,NA,NA,NA,NA,NA,NA,NA,NA,NA,NA,NA,NA,NA,NA,NA,NA,NA,NA,NA,NA,NA,NA,NA,NA,NA,NA,NA,NA,NA,NA,NA,NA,NA,NA,NA,NA,NA,NA,NA,NA,NA,NA,NA,NA,NA,NA,NA,NA,NA,NA,NA,NA,NA,NA,NA,NA,NA,NA,NA,NA,NA,NA,NA,NA,NA,NA,NA,NA,NA,NA,NA,NA,NA,NA,NA,NA
"41","chr02:7579209:AGACT:+","chr02",7579209,7579210,"AGACT","+",0.6,6,"promoter-TSS (MELO3C015129.2.1)","-promoter-TSS (MELO3C015129.2.1)",-945,"MELO3C015129.2.1","MELO3C015129","MELO3C015129.2","AM3-6",NA,NA,NA,NA,NA,NA,NA,NA,NA,NA,NA,NA,NA,NA,NA,NA,NA,NA,NA,NA,NA,NA,NA,NA,NA,NA,NA,NA,NA,NA,NA,NA,NA,NA,NA,NA,NA,NA,NA,NA,NA,NA,NA,NA,NA,NA,NA,NA,NA,NA,NA,NA,NA,NA,NA,NA,NA,NA,NA,NA,NA,NA,NA,NA,NA,NA,NA,NA,NA,NA,NA,NA,NA,NA,NA,NA,NA,NA
"42","chr03:1505738:GGACA:+","chr03",1505738,1505739,"GGACA","+",0.4,5,"TTS (MELO3C029840.2.1)","-TTS (MELO3C029840.2.1)",697,"MELO3C008173.2.1","MELO3C008173","MELO3C008173.2","AM3-6",NA,NA,NA,NA,NA,NA,NA,NA,NA,NA,NA,NA,NA,NA,NA,NA,NA,NA,NA,NA,NA,NA,NA,NA,NA,NA,NA,NA,NA,NA,NA,NA,NA,NA,NA,NA,NA,NA,NA,NA,NA,NA,NA,NA,NA,NA,NA,NA,NA,NA,NA,NA,NA,NA,NA,NA,NA,NA,NA,NA,NA,NA,NA,NA,NA,NA,NA,NA,NA,NA,NA,NA,NA,NA,NA,NA,NA,NA
"43","chr03:17005623:GGACA:+","chr03",17005623,17005624,"GGACA","+",0.4,5,"intron (MELO3C011504.2.1, intron 1 of 13)","-intron (MELO3C011504.2.1, intron 1 of 13)",3266,"MELO3C030204.2.1","MELO3C030204","MELO3C030204.2","AM3-6",NA,NA,NA,NA,NA,NA,NA,NA,NA,NA,NA,NA,NA,NA,NA,NA,NA,NA,NA,NA,NA,NA,NA,NA,NA,NA,NA,NA,NA,NA,NA,NA,NA,NA,NA,NA,NA,NA,NA,NA,NA,NA,NA,NA,NA,NA,NA,NA,NA,NA,NA,NA,NA,NA,NA,NA,NA,NA,NA,NA,NA,NA,NA,NA,NA,NA,NA,NA,NA,NA,NA,NA,NA,NA,NA,NA,NA,NA
"44","chr03:26125490:GGACA:+","chr03",26125490,26125491,"GGACA","+",1,5,"intron (MELO3C011421.2.1, intron 5 of 7)","-intron (MELO3C011421.2.1, intron 5 of 7)",2543,"MELO3C011421.2.1","MELO3C011421","MELO3C011421.2","AM3-6",NA,NA,NA,NA,NA,NA,NA,NA,NA,NA,NA,NA,NA,NA,NA,NA,NA,NA,NA,NA,NA,NA,NA,NA,NA,NA,NA,NA,NA,NA,NA,NA,NA,NA,NA,NA,NA,NA,NA,NA,NA,NA,NA,NA,NA,NA,NA,NA,NA,NA,NA,NA,NA,NA,NA,NA,NA,NA,NA,NA,NA,NA,NA,NA,NA,NA,NA,NA,NA,NA,NA,NA,NA,NA,NA,NA,NA,NA
"45","chr03:28925138:GGACT:-","chr03",28925138,28925139,"GGACT","-",1,5,"exon (MELO3C011076.2.1, exon 1 of 24)","-exon (MELO3C011076.2.1, exon 1 of 24)",144,"MELO3C011076.2.1","MELO3C011076","MELO3C011076.2","AM3-6",NA,NA,NA,NA,NA,NA,NA,NA,NA,NA,NA,NA,NA,NA,NA,NA,NA,NA,NA,NA,NA,NA,NA,NA,NA,NA,NA,NA,NA,NA,NA,NA,NA,NA,NA,NA,NA,NA,NA,NA,NA,NA,NA,NA,NA,NA,NA,NA,NA,NA,NA,NA,NA,NA,NA,NA,NA,NA,NA,NA,NA,NA,NA,NA,NA,NA,NA,NA,NA,NA,NA,NA,NA,NA,NA,NA,NA,NA
"46","chr03:29802401:GGACC:-","chr03",29802401,29802402,"GGACC","-",1,5,"TTS (MELO3C010960.2.1)","-TTS (MELO3C010960.2.1)",3057,"MELO3C010959.2.1","MELO3C010959","MELO3C010959.2","AM3-6",NA,NA,NA,NA,NA,NA,NA,NA,NA,NA,NA,NA,NA,NA,NA,NA,NA,NA,NA,NA,NA,NA,NA,NA,NA,NA,NA,NA,NA,NA,NA,NA,NA,NA,NA,NA,NA,NA,NA,NA,NA,NA,NA,NA,NA,NA,NA,NA,NA,NA,NA,NA,NA,NA,NA,NA,NA,NA,NA,NA,NA,NA,NA,NA,NA,NA,NA,NA,NA,NA,NA,NA,NA,NA,NA,NA,NA,NA
"47","chr03:7371798:GGACC:+","chr03",7371798,7371799,"GGACC","+",1,9,"promoter-TSS (MELO3C008484.2.1)","-promoter-TSS (MELO3C008484.2.1)",-446,"MELO3C008484.2.1","MELO3C008484","MELO3C008484.2","AM3-6",NA,NA,NA,NA,NA,NA,NA,NA,NA,NA,NA,NA,NA,NA,NA,NA,NA,NA,NA,NA,NA,NA,NA,NA,NA,NA,NA,NA,NA,NA,NA,NA,NA,NA,NA,NA,NA,NA,NA,NA,NA,NA,NA,NA,NA,NA,NA,NA,NA,NA,NA,NA,NA,NA,NA,NA,NA,NA,NA,NA,NA,NA,NA,NA,NA,NA,NA,NA,NA,NA,NA,NA,NA,NA,NA,NA,NA,NA
"48","chr03:7372194:GGACC:-","chr03",7372194,7372195,"GGACC","-",0.6,7,"promoter-TSS (MELO3C008484.2.1)","-promoter-TSS (MELO3C008484.2.1)",-842,"MELO3C008484.2.1","MELO3C008484","MELO3C008484.2","AM3-6",NA,NA,NA,NA,NA,NA,NA,NA,NA,NA,NA,NA,NA,NA,NA,NA,NA,NA,NA,NA,NA,NA,NA,NA,NA,NA,NA,NA,NA,NA,NA,NA,NA,NA,NA,NA,NA,NA,NA,NA,NA,NA,NA,NA,NA,NA,NA,NA,NA,NA,NA,NA,NA,NA,NA,NA,NA,NA,NA,NA,NA,NA,NA,NA,NA,NA,NA,NA,NA,NA,NA,NA,NA,NA,NA,NA,NA,NA
"49","chr04:1867381:GGACA:-","chr04",1867381,1867382,"GGACA","-",1,5,"intron (MELO3C003512.2.1, intron 27 of 39)","-intron (MELO3C003512.2.1, intron 27 of 39)",-15407,"MELO3C003509.2.1","MELO3C003509","MELO3C003509.2","AM3-6",NA,NA,NA,NA,NA,NA,NA,NA,NA,NA,NA,NA,NA,NA,NA,NA,NA,NA,NA,NA,NA,NA,NA,NA,NA,NA,NA,NA,NA,NA,NA,NA,NA,NA,NA,NA,NA,NA,NA,NA,NA,NA,NA,NA,NA,NA,NA,NA,NA,NA,NA,NA,NA,NA,NA,NA,NA,NA,NA,NA,NA,NA,NA,NA,NA,NA,NA,NA,NA,NA,NA,NA,NA,NA,NA,NA,NA,NA
"50","chr04:1868755:GGACA:-","chr04",1868755,1868756,"GGACA","-",0.75,6,"intron (MELO3C003512.2.1, intron 27 of 39)","-intron (MELO3C003512.2.1, intron 27 of 39)",-16781,"MELO3C003509.2.1","MELO3C003509","MELO3C003509.2","AM3-6",NA,NA,NA,NA,NA,NA,NA,NA,NA,NA,NA,NA,NA,NA,NA,NA,NA,NA,NA,NA,NA,NA,NA,NA,NA,NA,NA,NA,NA,NA,NA,NA,NA,NA,NA,NA,NA,NA,NA,NA,NA,NA,NA,NA,NA,NA,NA,NA,NA,NA,NA,NA,NA,NA,NA,NA,NA,NA,NA,NA,NA,NA,NA,NA,NA,NA,NA,NA,NA,NA,NA,NA,NA,NA,NA,NA,NA,NA
"51","chr04:22087615:GGACC:-","chr04",22087615,22087616,"GGACC","-",1,6,"TTS (MELO3C030632.2.1)","-TTS (MELO3C030632.2.1)",1190,"MELO3C030632.2.1","MELO3C030632","MELO3C030632.2","AM3-6",NA,NA,NA,NA,NA,NA,NA,NA,NA,NA,NA,NA,NA,NA,NA,NA,NA,NA,NA,NA,NA,NA,NA,NA,NA,NA,NA,NA,NA,NA,NA,NA,NA,NA,NA,NA,NA,NA,NA,NA,NA,NA,NA,NA,NA,NA,NA,NA,NA,NA,NA,NA,NA,NA,NA,NA,NA,NA,NA,NA,NA,NA,NA,NA,NA,NA,NA,NA,NA,NA,NA,NA,NA,NA,NA,NA,NA,NA
"52","chr04:24144845:GGACA:+","chr04",24144845,24144846,"GGACA","+",0.5,5,"exon (MELO3C030924.2.1, exon 6 of 7)","-exon (MELO3C030924.2.1, exon 6 of 7)",1594,"MELO3C030924.2.1","MELO3C030924","MELO3C030924.2","AM3-6",NA,NA,NA,NA,NA,NA,NA,NA,NA,NA,NA,NA,NA,NA,NA,NA,NA,NA,NA,NA,NA,NA,NA,NA,NA,NA,NA,NA,NA,NA,NA,NA,NA,NA,NA,NA,NA,NA,NA,NA,NA,NA,NA,NA,NA,NA,NA,NA,NA,NA,NA,NA,NA,NA,NA,NA,NA,NA,NA,NA,NA,NA,NA,NA,NA,NA,NA,NA,NA,NA,NA,NA,NA,NA,NA,NA,NA,NA
"53","chr04:27528988:GGACT:+","chr04",27528988,27528989,"GGACT","+",0.4,5,"intron (MELO3C009979.2.1, intron 3 of 5)","-intron (MELO3C009979.2.1, intron 3 of 5)",2424,"MELO3C009979.2.1","MELO3C009979","MELO3C009979.2","AM3-6",NA,NA,NA,NA,NA,NA,NA,NA,NA,NA,NA,NA,NA,NA,NA,NA,NA,NA,NA,NA,NA,NA,NA,NA,NA,NA,NA,NA,NA,NA,NA,NA,NA,NA,NA,NA,NA,NA,NA,NA,NA,NA,NA,NA,NA,NA,NA,NA,NA,NA,NA,NA,NA,NA,NA,NA,NA,NA,NA,NA,NA,NA,NA,NA,NA,NA,NA,NA,NA,NA,NA,NA,NA,NA,NA,NA,NA,NA
"54","chr04:30047648:GGACA:+","chr04",30047648,30047649,"GGACA","+",0.6,5,"intron (MELO3C009704.2.1, intron 2 of 7)","-intron (MELO3C009704.2.1, intron 2 of 7)",-1877,"MELO3C009705.2.1","MELO3C009705","MELO3C009705.2","AM3-6",NA,NA,NA,NA,NA,NA,NA,NA,NA,NA,NA,NA,NA,NA,NA,NA,NA,NA,NA,NA,NA,NA,NA,NA,NA,NA,NA,NA,NA,NA,NA,NA,NA,NA,NA,NA,NA,NA,NA,NA,NA,NA,NA,NA,NA,NA,NA,NA,NA,NA,NA,NA,NA,NA,NA,NA,NA,NA,NA,NA,NA,NA,NA,NA,NA,NA,NA,NA,NA,NA,NA,NA,NA,NA,NA,NA,NA,NA
"55","chr04:30053482:GGACA:+","chr04",30053482,30053483,"GGACA","+",0.3333,5,"exon (MELO3C009703.2.1, exon 2 of 2)","-exon (MELO3C009703.2.1, exon 2 of 2)",2107,"MELO3C009703.2.1","MELO3C009703","MELO3C009703.2","AM3-6",NA,NA,NA,NA,NA,NA,NA,NA,NA,NA,NA,NA,NA,NA,NA,NA,NA,NA,NA,NA,NA,NA,NA,NA,NA,NA,NA,NA,NA,NA,NA,NA,NA,NA,NA,NA,NA,NA,NA,NA,NA,NA,NA,NA,NA,NA,NA,NA,NA,NA,NA,NA,NA,NA,NA,NA,NA,NA,NA,NA,NA,NA,NA,NA,NA,NA,NA,NA,NA,NA,NA,NA,NA,NA,NA,NA,NA,NA
"56","chr04:3420906:GGACT:+","chr04",3420906,3420907,"GGACT","+",0,5,"intron (MELO3C003701.2.1, intron 1 of 4)","-intron (MELO3C003701.2.1, intron 1 of 4)",1469,"MELO3C003701.2.1","MELO3C003701","MELO3C003701.2","AM3-6",NA,NA,NA,NA,NA,NA,NA,NA,NA,NA,NA,NA,NA,NA,NA,NA,NA,NA,NA,NA,NA,NA,NA,NA,NA,NA,NA,NA,NA,NA,NA,NA,NA,NA,NA,NA,NA,NA,NA,NA,NA,NA,NA,NA,NA,NA,NA,NA,NA,NA,NA,NA,NA,NA,NA,NA,NA,NA,NA,NA,NA,NA,NA,NA,NA,NA,NA,NA,NA,NA,NA,NA,NA,NA,NA,NA,NA,NA
"57","chr04:713570:GGACC:+","chr04",713570,713571,"GGACC","+",0.5,5,"intron (MELO3C003379.2.1, intron 5 of 7)","-intron (MELO3C003379.2.1, intron 5 of 7)",2825,"MELO3C003379.2.1","","","AM3-6",NA,NA,NA,NA,NA,NA,NA,NA,NA,NA,NA,NA,NA,NA,NA,NA,NA,NA,NA,NA,NA,NA,NA,NA,NA,NA,NA,NA,NA,NA,NA,NA,NA,NA,NA,NA,NA,NA,NA,NA,NA,NA,NA,NA,NA,NA,NA,NA,NA,NA,NA,NA,NA,NA,NA,NA,NA,NA,NA,NA,NA,NA,NA,NA,NA,NA,NA,NA,NA,NA,NA,NA,NA,NA,NA,NA,NA,NA
"58","chr05:22212139:GGACC:-","chr05",22212139,22212140,"GGACC","-",0.75,6,"intron (MELO3C031488.2.1, intron 9 of 14)","-intron (MELO3C031488.2.1, intron 9 of 14)",7907,"MELO3C031488.2.1","MELO3C031488","MELO3C031488.2","AM3-6",NA,NA,NA,NA,NA,NA,NA,NA,NA,NA,NA,NA,NA,NA,NA,NA,NA,NA,NA,NA,NA,NA,NA,NA,NA,NA,NA,NA,NA,NA,NA,NA,NA,NA,NA,NA,NA,NA,NA,NA,NA,NA,NA,NA,NA,NA,NA,NA,NA,NA,NA,NA,NA,NA,NA,NA,NA,NA,NA,NA,NA,NA,NA,NA,NA,NA,NA,NA,NA,NA,NA,NA,NA,NA,NA,NA,NA,NA
"59","chr05:22213984:GGACT:+","chr05",22213984,22213985,"GGACT","+",0.4,6,"intron (MELO3C031488.2.1, intron 8 of 14)","-intron (MELO3C031488.2.1, intron 8 of 14)",6062,"MELO3C031488.2.1","MELO3C031488","MELO3C031488.2","AM3-6",NA,NA,NA,NA,NA,NA,NA,NA,NA,NA,NA,NA,NA,NA,NA,NA,NA,NA,NA,NA,NA,NA,NA,NA,NA,NA,NA,NA,NA,NA,NA,NA,NA,NA,NA,NA,NA,NA,NA,NA,NA,NA,NA,NA,NA,NA,NA,NA,NA,NA,NA,NA,NA,NA,NA,NA,NA,NA,NA,NA,NA,NA,NA,NA,NA,NA,NA,NA,NA,NA,NA,NA,NA,NA,NA,NA,NA,NA
"60","chr05:22532830:GGACC:-","chr05",22532830,22532831,"GGACC","-",0.8,5,"intron (MELO3C004006.2.1, intron 7 of 12)","-intron (MELO3C004006.2.1, intron 7 of 12)",-3029,"MELO3C031496.2.1","MELO3C031496","MELO3C031496.2","AM3-6",NA,NA,NA,NA,NA,NA,NA,NA,NA,NA,NA,NA,NA,NA,NA,NA,NA,NA,NA,NA,NA,NA,NA,NA,NA,NA,NA,NA,NA,NA,NA,NA,NA,NA,NA,NA,NA,NA,NA,NA,NA,NA,NA,NA,NA,NA,NA,NA,NA,NA,NA,NA,NA,NA,NA,NA,NA,NA,NA,NA,NA,NA,NA,NA,NA,NA,NA,NA,NA,NA,NA,NA,NA,NA,NA,NA,NA,NA
"61","chr05:24996508:AGACT:-","chr05",24996508,24996509,"AGACT","-",1,5,"promoter-TSS (MELO3C004183.2.1)","-promoter-TSS (MELO3C004183.2.1)",-314,"MELO3C004183.2.1","MELO3C004183","MELO3C004183.2","AM3-6",NA,NA,NA,NA,NA,NA,NA,NA,NA,NA,NA,NA,NA,NA,NA,NA,NA,NA,NA,NA,NA,NA,NA,NA,NA,NA,NA,NA,NA,NA,NA,NA,NA,NA,NA,NA,NA,NA,NA,NA,NA,NA,NA,NA,NA,NA,NA,NA,NA,NA,NA,NA,NA,NA,NA,NA,NA,NA,NA,NA,NA,NA,NA,NA,NA,NA,NA,NA,NA,NA,NA,NA,NA,NA,NA,NA,NA,NA
"62","chr05:28839780:GGACT:-","chr05",28839780,28839781,"GGACT","-",0.75,6,"intron (MELO3C004594.2.1, intron 3 of 7)","-intron (MELO3C004594.2.1, intron 3 of 7)",1735,"MELO3C004594.2.1","","","AM3-6",NA,NA,NA,NA,NA,NA,NA,NA,NA,NA,NA,NA,NA,NA,NA,NA,NA,NA,NA,NA,NA,NA,NA,NA,NA,NA,NA,NA,NA,NA,NA,NA,NA,NA,NA,NA,NA,NA,NA,NA,NA,NA,NA,NA,NA,NA,NA,NA,NA,NA,NA,NA,NA,NA,NA,NA,NA,NA,NA,NA,NA,NA,NA,NA,NA,NA,NA,NA,NA,NA,NA,NA,NA,NA,NA,NA,NA,NA
"63","chr05:428480:GGACC:-","chr05",428480,428481,"GGACC","-",1,5,"promoter-TSS (MELO3C014683.2.1)","-promoter-TSS (MELO3C014683.2.1)",-217,"MELO3C014683.2.1","MELO3C014683","MELO3C014683.2","AM3-6",NA,NA,NA,NA,NA,NA,NA,NA,NA,NA,NA,NA,NA,NA,NA,NA,NA,NA,NA,NA,NA,NA,NA,NA,NA,NA,NA,NA,NA,NA,NA,NA,NA,NA,NA,NA,NA,NA,NA,NA,NA,NA,NA,NA,NA,NA,NA,NA,NA,NA,NA,NA,NA,NA,NA,NA,NA,NA,NA,NA,NA,NA,NA,NA,NA,NA,NA,NA,NA,NA,NA,NA,NA,NA,NA,NA,NA,NA
"64","chr05:4646373:AGACT:-","chr05",4646373,4646374,"AGACT","-",1,9,"TTS (MELO3C031192.2.1)","-TTS (MELO3C031192.2.1)",1116,"MELO3C031192.2.1","MELO3C031192","MELO3C031192.2","AM3-6",NA,NA,NA,NA,NA,NA,NA,NA,NA,NA,NA,NA,NA,NA,NA,NA,NA,NA,NA,NA,NA,NA,NA,NA,NA,NA,NA,NA,NA,NA,NA,NA,NA,NA,NA,NA,NA,NA,NA,NA,NA,NA,NA,NA,NA,NA,NA,NA,NA,NA,NA,NA,NA,NA,NA,NA,NA,NA,NA,NA,NA,NA,NA,NA,NA,NA,NA,NA,NA,NA,NA,NA,NA,NA,NA,NA,NA,NA
"65","chr05:6991432:GGACC:+","chr05",6991432,6991433,"GGACC","+",0.25,5,"intron (MELO3C031256.2.1, intron 5 of 8)","-intron (MELO3C031256.2.1, intron 5 of 8)",3455,"MELO3C031256.2.1","MELO3C031256","MELO3C031256.2","AM3-6",NA,NA,NA,NA,NA,NA,NA,NA,NA,NA,NA,NA,NA,NA,NA,NA,NA,NA,NA,NA,NA,NA,NA,NA,NA,NA,NA,NA,NA,NA,NA,NA,NA,NA,NA,NA,NA,NA,NA,NA,NA,NA,NA,NA,NA,NA,NA,NA,NA,NA,NA,NA,NA,NA,NA,NA,NA,NA,NA,NA,NA,NA,NA,NA,NA,NA,NA,NA,NA,NA,NA,NA,NA,NA,NA,NA,NA,NA
"66","chr05:6999991:GGACT:+","chr05",6999991,6999992,"GGACT","+",0.2,5,"TTS (MELO3C023073.2.1)","-TTS (MELO3C023073.2.1)",1013,"MELO3C023072.2.1","MELO3C023072","MELO3C023072.2","AM3-6",NA,NA,NA,NA,NA,NA,NA,NA,NA,NA,NA,NA,NA,NA,NA,NA,NA,NA,NA,NA,NA,NA,NA,NA,NA,NA,NA,NA,NA,NA,NA,NA,NA,NA,NA,NA,NA,NA,NA,NA,NA,NA,NA,NA,NA,NA,NA,NA,NA,NA,NA,NA,NA,NA,NA,NA,NA,NA,NA,NA,NA,NA,NA,NA,NA,NA,NA,NA,NA,NA,NA,NA,NA,NA,NA,NA,NA,NA
"67","chr05:7000324:GGACT:+","chr05",7000324,7000325,"GGACT","+",0.3333,5,"TTS (MELO3C023073.2.1)","-TTS (MELO3C023073.2.1)",1346,"MELO3C023072.2.1","MELO3C023072","MELO3C023072.2","AM3-6",NA,NA,NA,NA,NA,NA,NA,NA,NA,NA,NA,NA,NA,NA,NA,NA,NA,NA,NA,NA,NA,NA,NA,NA,NA,NA,NA,NA,NA,NA,NA,NA,NA,NA,NA,NA,NA,NA,NA,NA,NA,NA,NA,NA,NA,NA,NA,NA,NA,NA,NA,NA,NA,NA,NA,NA,NA,NA,NA,NA,NA,NA,NA,NA,NA,NA,NA,NA,NA,NA,NA,NA,NA,NA,NA,NA,NA,NA
"68","chr06:1611412:AGACT:+","chr06",1611412,1611413,"AGACT","+",0.3333,7,"intron (MELO3C006191.2.1, intron 9 of 9)","-intron (MELO3C006191.2.1, intron 9 of 9)",-3153,"MELO3C006190.2.1","","","AM3-6",NA,NA,NA,NA,NA,NA,NA,NA,NA,NA,NA,NA,NA,NA,NA,NA,NA,NA,NA,NA,NA,NA,NA,NA,NA,NA,NA,NA,NA,NA,NA,NA,NA,NA,NA,NA,NA,NA,NA,NA,NA,NA,NA,NA,NA,NA,NA,NA,NA,NA,NA,NA,NA,NA,NA,NA,NA,NA,NA,NA,NA,NA,NA,NA,NA,NA,NA,NA,NA,NA,NA,NA,NA,NA,NA,NA,NA,NA
"69","chr06:1613039:GGACA:+","chr06",1613039,1613040,"GGACA","+",0.6,6,"intron (MELO3C006191.2.1, intron 6 of 9)","-intron (MELO3C006191.2.1, intron 6 of 9)",3644,"MELO3C006191.2.1","MELO3C006191","MELO3C006191.2","AM3-6",NA,NA,NA,NA,NA,NA,NA,NA,NA,NA,NA,NA,NA,NA,NA,NA,NA,NA,NA,NA,NA,NA,NA,NA,NA,NA,NA,NA,NA,NA,NA,NA,NA,NA,NA,NA,NA,NA,NA,NA,NA,NA,NA,NA,NA,NA,NA,NA,NA,NA,NA,NA,NA,NA,NA,NA,NA,NA,NA,NA,NA,NA,NA,NA,NA,NA,NA,NA,NA,NA,NA,NA,NA,NA,NA,NA,NA,NA
"70","chr06:1662515:GGACC:-","chr06",1662515,1662516,"GGACC","-",0.75,5,"exon (MELO3C006198.2.1, exon 1 of 1)","-exon (MELO3C006198.2.1, exon 1 of 1)",595,"MELO3C006198.2.1","MELO3C006198","MELO3C006198.2","AM3-6",NA,NA,NA,NA,NA,NA,NA,NA,NA,NA,NA,NA,NA,NA,NA,NA,NA,NA,NA,NA,NA,NA,NA,NA,NA,NA,NA,NA,NA,NA,NA,NA,NA,NA,NA,NA,NA,NA,NA,NA,NA,NA,NA,NA,NA,NA,NA,NA,NA,NA,NA,NA,NA,NA,NA,NA,NA,NA,NA,NA,NA,NA,NA,NA,NA,NA,NA,NA,NA,NA,NA,NA,NA,NA,NA,NA,NA,NA
"71","chr06:18032693:AGACT:+","chr06",18032693,18032694,"AGACT","+",0.7143,7,"TTS (MELO3C032077.2.1)","-TTS (MELO3C032077.2.1)",7795,"MELO3C032077.2.1","MELO3C032077","MELO3C032077.2","AM3-6",NA,NA,NA,NA,NA,NA,NA,NA,NA,NA,NA,NA,NA,NA,NA,NA,NA,NA,NA,NA,NA,NA,NA,NA,NA,NA,NA,NA,NA,NA,NA,NA,NA,NA,NA,NA,NA,NA,NA,NA,NA,NA,NA,NA,NA,NA,NA,NA,NA,NA,NA,NA,NA,NA,NA,NA,NA,NA,NA,NA,NA,NA,NA,NA,NA,NA,NA,NA,NA,NA,NA,NA,NA,NA,NA,NA,NA,NA
"72","chr06:19101940:AGACT:-","chr06",19101940,19101941,"AGACT","-",1,5,"intron (MELO3C031783.2.1, intron 4 of 7)","-intron (MELO3C023794.2.1, intron 3 of 3)",873,"MELO3C031783.2.1","","","AM3-6",NA,NA,NA,NA,NA,NA,NA,NA,NA,NA,NA,NA,NA,NA,NA,NA,NA,NA,NA,NA,NA,NA,NA,NA,NA,NA,NA,NA,NA,NA,NA,NA,NA,NA,NA,NA,NA,NA,NA,NA,NA,NA,NA,NA,NA,NA,NA,NA,NA,NA,NA,NA,NA,NA,NA,NA,NA,NA,NA,NA,NA,NA,NA,NA,NA,NA,NA,NA,NA,NA,NA,NA,NA,NA,NA,NA,NA,NA
"73","chr06:20948480:AGACT:+","chr06",20948480,20948481,"AGACT","+",0.3333,5,"promoter-TSS (MELO3C032108.2.1)","-promoter-TSS (MELO3C032108.2.1)",-193,"MELO3C032108.2.1","MELO3C032108","MELO3C032108.2","AM3-6",NA,NA,NA,NA,NA,NA,NA,NA,NA,NA,NA,NA,NA,NA,NA,NA,NA,NA,NA,NA,NA,NA,NA,NA,NA,NA,NA,NA,NA,NA,NA,NA,NA,NA,NA,NA,NA,NA,NA,NA,NA,NA,NA,NA,NA,NA,NA,NA,NA,NA,NA,NA,NA,NA,NA,NA,NA,NA,NA,NA,NA,NA,NA,NA,NA,NA,NA,NA,NA,NA,NA,NA,NA,NA,NA,NA,NA,NA
"74","chr06:2332877:GGACA:+","chr06",2332877,2332878,"GGACA","+",0.4,5,"promoter-TSS (MELO3C006298.2.1)","-promoter-TSS (MELO3C006298.2.1)",-521,"MELO3C006298.2.1","MELO3C006298","MELO3C006298.2","AM3-6",NA,NA,NA,NA,NA,NA,NA,NA,NA,NA,NA,NA,NA,NA,NA,NA,NA,NA,NA,NA,NA,NA,NA,NA,NA,NA,NA,NA,NA,NA,NA,NA,NA,NA,NA,NA,NA,NA,NA,NA,NA,NA,NA,NA,NA,NA,NA,NA,NA,NA,NA,NA,NA,NA,NA,NA,NA,NA,NA,NA,NA,NA,NA,NA,NA,NA,NA,NA,NA,NA,NA,NA,NA,NA,NA,NA,NA,NA
"75","chr06:25099128:GGACC:-","chr06",25099128,25099129,"GGACC","-",0.8333,8,"intron (MELO3C014745.2.1, intron 15 of 24)","-intron (MELO3C014745.2.1, intron 15 of 24)",-13319,"MELO3C032177.2.1","MELO3C032177","MELO3C032177.2","AM3-6",NA,NA,NA,NA,NA,NA,NA,NA,NA,NA,NA,NA,NA,NA,NA,NA,NA,NA,NA,NA,NA,NA,NA,NA,NA,NA,NA,NA,NA,NA,NA,NA,NA,NA,NA,NA,NA,NA,NA,NA,NA,NA,NA,NA,NA,NA,NA,NA,NA,NA,NA,NA,NA,NA,NA,NA,NA,NA,NA,NA,NA,NA,NA,NA,NA,NA,NA,NA,NA,NA,NA,NA,NA,NA,NA,NA,NA,NA
"76","chr06:33628844:GGACT:-","chr06",33628844,33628845,"GGACT","-",1,5,"promoter-TSS (MELO3C013807.2.1)","-promoter-TSS (MELO3C013807.2.1)",44,"MELO3C013807.2.1","MELO3C013807","MELO3C013807.2","AM3-6",NA,NA,NA,NA,NA,NA,NA,NA,NA,NA,NA,NA,NA,NA,NA,NA,NA,NA,NA,NA,NA,NA,NA,NA,NA,NA,NA,NA,NA,NA,NA,NA,NA,NA,NA,NA,NA,NA,NA,NA,NA,NA,NA,NA,NA,NA,NA,NA,NA,NA,NA,NA,NA,NA,NA,NA,NA,NA,NA,NA,NA,NA,NA,NA,NA,NA,NA,NA,NA,NA,NA,NA,NA,NA,NA,NA,NA,NA
"77","chr06:35480623:GGACA:-","chr06",35480623,35480624,"GGACA","-",0.75,5,"TTS (MELO3C013967.2.1)","-TTS (MELO3C013967.2.1)",3129,"MELO3C013968.2.1","MELO3C013968","MELO3C013968.2","AM3-6",NA,NA,NA,NA,NA,NA,NA,NA,NA,NA,NA,NA,NA,NA,NA,NA,NA,NA,NA,NA,NA,NA,NA,NA,NA,NA,NA,NA,NA,NA,NA,NA,NA,NA,NA,NA,NA,NA,NA,NA,NA,NA,NA,NA,NA,NA,NA,NA,NA,NA,NA,NA,NA,NA,NA,NA,NA,NA,NA,NA,NA,NA,NA,NA,NA,NA,NA,NA,NA,NA,NA,NA,NA,NA,NA,NA,NA,NA
"78","chr06:5648491:GGACC:-","chr06",5648491,5648492,"GGACC","-",1,5,"TTS (MELO3C006746.2.1)","-TTS (MELO3C006746.2.1)",2807,"MELO3C006746.2.1","MELO3C006746","MELO3C006746.2","AM3-6",NA,NA,NA,NA,NA,NA,NA,NA,NA,NA,NA,NA,NA,NA,NA,NA,NA,NA,NA,NA,NA,NA,NA,NA,NA,NA,NA,NA,NA,NA,NA,NA,NA,NA,NA,NA,NA,NA,NA,NA,NA,NA,NA,NA,NA,NA,NA,NA,NA,NA,NA,NA,NA,NA,NA,NA,NA,NA,NA,NA,NA,NA,NA,NA,NA,NA,NA,NA,NA,NA,NA,NA,NA,NA,NA,NA,NA,NA
"79","chr06:5649994:GGACT:-","chr06",5649994,5649995,"GGACT","-",1,5,"intron (MELO3C006746.2.1, intron 5 of 8)","-intron (MELO3C006746.2.1, intron 5 of 8)",1304,"MELO3C006746.2.1","MELO3C006746","MELO3C006746.2","AM3-6",NA,NA,NA,NA,NA,NA,NA,NA,NA,NA,NA,NA,NA,NA,NA,NA,NA,NA,NA,NA,NA,NA,NA,NA,NA,NA,NA,NA,NA,NA,NA,NA,NA,NA,NA,NA,NA,NA,NA,NA,NA,NA,NA,NA,NA,NA,NA,NA,NA,NA,NA,NA,NA,NA,NA,NA,NA,NA,NA,NA,NA,NA,NA,NA,NA,NA,NA,NA,NA,NA,NA,NA,NA,NA,NA,NA,NA,NA
"80","chr06:5657219:GGACA:-","chr06",5657219,5657220,"GGACA","-",1,6,"intron (MELO3C006747.2.1, intron 3 of 3)","-intron (MELO3C006747.2.1, intron 3 of 3)",3075,"MELO3C006747.2.1","MELO3C006747","MELO3C006747.2","AM3-6",NA,NA,NA,NA,NA,NA,NA,NA,NA,NA,NA,NA,NA,NA,NA,NA,NA,NA,NA,NA,NA,NA,NA,NA,NA,NA,NA,NA,NA,NA,NA,NA,NA,NA,NA,NA,NA,NA,NA,NA,NA,NA,NA,NA,NA,NA,NA,NA,NA,NA,NA,NA,NA,NA,NA,NA,NA,NA,NA,NA,NA,NA,NA,NA,NA,NA,NA,NA,NA,NA,NA,NA,NA,NA,NA,NA,NA,NA
"81","chr06:8181579:AGACT:-","chr06",8181579,8181580,"AGACT","-",0.7333,21,"promoter-TSS (MELO3C006985.2.1)","-promoter-TSS (MELO3C006985.2.1)",-650,"MELO3C006985.2.1","MELO3C006985","MELO3C006985.2","AM3-6",NA,NA,NA,NA,NA,NA,NA,NA,NA,NA,NA,NA,NA,NA,NA,NA,NA,NA,NA,NA,NA,NA,NA,NA,NA,NA,NA,NA,NA,NA,NA,NA,NA,NA,NA,NA,NA,NA,NA,NA,NA,NA,NA,NA,NA,NA,NA,NA,NA,NA,NA,NA,NA,NA,NA,NA,NA,NA,NA,NA,NA,NA,NA,NA,NA,NA,NA,NA,NA,NA,NA,NA,NA,NA,NA,NA,NA,NA
"82","chr07:11416131:GGACC:-","chr07",11416131,11416132,"GGACC","-",0.75,6,"intron (MELO3C010375.2.1, intron 5 of 18)","-intron (MELO3C010375.2.1, intron 5 of 18)",8954,"MELO3C032676.2.1","MELO3C032676","MELO3C032676.2","AM3-6",NA,NA,NA,NA,NA,NA,NA,NA,NA,NA,NA,NA,NA,NA,NA,NA,NA,NA,NA,NA,NA,NA,NA,NA,NA,NA,NA,NA,NA,NA,NA,NA,NA,NA,NA,NA,NA,NA,NA,NA,NA,NA,NA,NA,NA,NA,NA,NA,NA,NA,NA,NA,NA,NA,NA,NA,NA,NA,NA,NA,NA,NA,NA,NA,NA,NA,NA,NA,NA,NA,NA,NA,NA,NA,NA,NA,NA,NA
"83","chr07:16579774:GGACT:-","chr07",16579774,16579775,"GGACT","-",1,5,"intron (MELO3C019030.2.1, intron 3 of 13)","-intron (MELO3C019030.2.1, intron 3 of 13)",7572,"MELO3C019030.2.1","MELO3C019030","MELO3C019030.2","AM3-6",NA,NA,NA,NA,NA,NA,NA,NA,NA,NA,NA,NA,NA,NA,NA,NA,NA,NA,NA,NA,NA,NA,NA,NA,NA,NA,NA,NA,NA,NA,NA,NA,NA,NA,NA,NA,NA,NA,NA,NA,NA,NA,NA,NA,NA,NA,NA,NA,NA,NA,NA,NA,NA,NA,NA,NA,NA,NA,NA,NA,NA,NA,NA,NA,NA,NA,NA,NA,NA,NA,NA,NA,NA,NA,NA,NA,NA,NA
"84","chr07:16586683:GGACA:+","chr07",16586683,16586684,"GGACA","+",0.25,5,"intron (MELO3C019030.2.1, intron 12 of 13)","-intron (MELO3C019030.2.1, intron 12 of 13)",-8808,"MELO3C019031.2.1","MELO3C019031","MELO3C019031.2","AM3-6",NA,NA,NA,NA,NA,NA,NA,NA,NA,NA,NA,NA,NA,NA,NA,NA,NA,NA,NA,NA,NA,NA,NA,NA,NA,NA,NA,NA,NA,NA,NA,NA,NA,NA,NA,NA,NA,NA,NA,NA,NA,NA,NA,NA,NA,NA,NA,NA,NA,NA,NA,NA,NA,NA,NA,NA,NA,NA,NA,NA,NA,NA,NA,NA,NA,NA,NA,NA,NA,NA,NA,NA,NA,NA,NA,NA,NA,NA
"85","chr07:20380804:GGACA:-","chr07",20380804,20380805,"GGACA","-",0.75,5,"promoter-TSS (MELO3C016090.2.1)","-promoter-TSS (MELO3C016090.2.1)",-376,"MELO3C016090.2.1","MELO3C016090","MELO3C016090.2","AM3-6",NA,NA,NA,NA,NA,NA,NA,NA,NA,NA,NA,NA,NA,NA,NA,NA,NA,NA,NA,NA,NA,NA,NA,NA,NA,NA,NA,NA,NA,NA,NA,NA,NA,NA,NA,NA,NA,NA,NA,NA,NA,NA,NA,NA,NA,NA,NA,NA,NA,NA,NA,NA,NA,NA,NA,NA,NA,NA,NA,NA,NA,NA,NA,NA,NA,NA,NA,NA,NA,NA,NA,NA,NA,NA,NA,NA,NA,NA
"86","chr07:22781963:GGACC:-","chr07",22781963,22781964,"GGACC","-",0.8,5,"intron (MELO3C016252.2.1, intron 13 of 13)","-intron (MELO3C016252.2.1, intron 13 of 13)",-5505,"MELO3C016253.2.1","MELO3C016253","MELO3C016253.2","AM3-6",NA,NA,NA,NA,NA,NA,NA,NA,NA,NA,NA,NA,NA,NA,NA,NA,NA,NA,NA,NA,NA,NA,NA,NA,NA,NA,NA,NA,NA,NA,NA,NA,NA,NA,NA,NA,NA,NA,NA,NA,NA,NA,NA,NA,NA,NA,NA,NA,NA,NA,NA,NA,NA,NA,NA,NA,NA,NA,NA,NA,NA,NA,NA,NA,NA,NA,NA,NA,NA,NA,NA,NA,NA,NA,NA,NA,NA,NA
"87","chr07:27091840:GGACA:-","chr07",27091840,27091841,"GGACA","-",1,5,"intron (MELO3C017786.2.1, intron 2 of 7)","-intron (MELO3C017786.2.1, intron 2 of 7)",-1195,"MELO3C017787.2.1","MELO3C017787","MELO3C017787.2","AM3-6",NA,NA,NA,NA,NA,NA,NA,NA,NA,NA,NA,NA,NA,NA,NA,NA,NA,NA,NA,NA,NA,NA,NA,NA,NA,NA,NA,NA,NA,NA,NA,NA,NA,NA,NA,NA,NA,NA,NA,NA,NA,NA,NA,NA,NA,NA,NA,NA,NA,NA,NA,NA,NA,NA,NA,NA,NA,NA,NA,NA,NA,NA,NA,NA,NA,NA,NA,NA,NA,NA,NA,NA,NA,NA,NA,NA,NA,NA
"88","chr07:28714899:GGACA:-","chr07",28714899,28714900,"GGACA","-",0.6667,6,"TTS (MELO3C018026.2.1)","-TTS (MELO3C018026.2.1)",4259,"MELO3C018025.2.1","MELO3C018025","MELO3C018025.2","AM3-6",NA,NA,NA,NA,NA,NA,NA,NA,NA,NA,NA,NA,NA,NA,NA,NA,NA,NA,NA,NA,NA,NA,NA,NA,NA,NA,NA,NA,NA,NA,NA,NA,NA,NA,NA,NA,NA,NA,NA,NA,NA,NA,NA,NA,NA,NA,NA,NA,NA,NA,NA,NA,NA,NA,NA,NA,NA,NA,NA,NA,NA,NA,NA,NA,NA,NA,NA,NA,NA,NA,NA,NA,NA,NA,NA,NA,NA,NA
"89","chr07:5395004:GGACT:-","chr07",5395004,5395005,"GGACT","-",0.8333,6,"exon (MELO3C032512.2.1, exon 10 of 11)","-exon (MELO3C032512.2.1, exon 10 of 11)",3874,"MELO3C032512.2.1","MELO3C032512","MELO3C032512.2","AM3-6",NA,NA,NA,NA,NA,NA,NA,NA,NA,NA,NA,NA,NA,NA,NA,NA,NA,NA,NA,NA,NA,NA,NA,NA,NA,NA,NA,NA,NA,NA,NA,NA,NA,NA,NA,NA,NA,NA,NA,NA,NA,NA,NA,NA,NA,NA,NA,NA,NA,NA,NA,NA,NA,NA,NA,NA,NA,NA,NA,NA,NA,NA,NA,NA,NA,NA,NA,NA,NA,NA,NA,NA,NA,NA,NA,NA,NA,NA
"90","chr08:18210153:GGACC:-","chr08",18210153,18210154,"GGACC","-",0.6,5,"intron (MELO3C023103.2.1, intron 22 of 39)","-intron (MELO3C023103.2.1, intron 22 of 39)",25053,"MELO3C023104.2.1","MELO3C023104","MELO3C023104.2","AM3-6",NA,NA,NA,NA,NA,NA,NA,NA,NA,NA,NA,NA,NA,NA,NA,NA,NA,NA,NA,NA,NA,NA,NA,NA,NA,NA,NA,NA,NA,NA,NA,NA,NA,NA,NA,NA,NA,NA,NA,NA,NA,NA,NA,NA,NA,NA,NA,NA,NA,NA,NA,NA,NA,NA,NA,NA,NA,NA,NA,NA,NA,NA,NA,NA,NA,NA,NA,NA,NA,NA,NA,NA,NA,NA,NA,NA,NA,NA
"91","chr08:20677596:GGACA:+","chr08",20677596,20677597,"GGACA","+",0.5,5,"exon (MELO3C033051.2.1, exon 6 of 6)","-exon (MELO3C033051.2.1, exon 6 of 6)",1118,"MELO3C033051.2.1","MELO3C033051","MELO3C033051.2","AM3-6",NA,NA,NA,NA,NA,NA,NA,NA,NA,NA,NA,NA,NA,NA,NA,NA,NA,NA,NA,NA,NA,NA,NA,NA,NA,NA,NA,NA,NA,NA,NA,NA,NA,NA,NA,NA,NA,NA,NA,NA,NA,NA,NA,NA,NA,NA,NA,NA,NA,NA,NA,NA,NA,NA,NA,NA,NA,NA,NA,NA,NA,NA,NA,NA,NA,NA,NA,NA,NA,NA,NA,NA,NA,NA,NA,NA,NA,NA
"92","chr08:21491488:GGACA:-","chr08",21491488,21491489,"GGACA","-",0.75,5,"intron (MELO3C008996.2.1, intron 6 of 9)","-intron (MELO3C008996.2.1, intron 6 of 9)",3958,"MELO3C008996.2.1","MELO3C008996","MELO3C008996.2","AM3-6",NA,NA,NA,NA,NA,NA,NA,NA,NA,NA,NA,NA,NA,NA,NA,NA,NA,NA,NA,NA,NA,NA,NA,NA,NA,NA,NA,NA,NA,NA,NA,NA,NA,NA,NA,NA,NA,NA,NA,NA,NA,NA,NA,NA,NA,NA,NA,NA,NA,NA,NA,NA,NA,NA,NA,NA,NA,NA,NA,NA,NA,NA,NA,NA,NA,NA,NA,NA,NA,NA,NA,NA,NA,NA,NA,NA,NA,NA
"93","chr08:29494107:AGACT:+","chr08",29494107,29494108,"AGACT","+",0.75,6,"TTS (MELO3C033450.2.1)","-TTS (MELO3C033450.2.1)",3765,"MELO3C033450.2.1","MELO3C033450","MELO3C033450.2","AM3-6",NA,NA,NA,NA,NA,NA,NA,NA,NA,NA,NA,NA,NA,NA,NA,NA,NA,NA,NA,NA,NA,NA,NA,NA,NA,NA,NA,NA,NA,NA,NA,NA,NA,NA,NA,NA,NA,NA,NA,NA,NA,NA,NA,NA,NA,NA,NA,NA,NA,NA,NA,NA,NA,NA,NA,NA,NA,NA,NA,NA,NA,NA,NA,NA,NA,NA,NA,NA,NA,NA,NA,NA,NA,NA,NA,NA,NA,NA
"94","chr08:29829667:GGACT:-","chr08",29829667,29829668,"GGACT","-",1,7,"intron (MELO3C026799.2.1, intron 3 of 3)","-intron (MELO3C026799.2.1, intron 3 of 3)",8143,"MELO3C026799.2.1","MELO3C026799","MELO3C026799.2","AM3-6",NA,NA,NA,NA,NA,NA,NA,NA,NA,NA,NA,NA,NA,NA,NA,NA,NA,NA,NA,NA,NA,NA,NA,NA,NA,NA,NA,NA,NA,NA,NA,NA,NA,NA,NA,NA,NA,NA,NA,NA,NA,NA,NA,NA,NA,NA,NA,NA,NA,NA,NA,NA,NA,NA,NA,NA,NA,NA,NA,NA,NA,NA,NA,NA,NA,NA,NA,NA,NA,NA,NA,NA,NA,NA,NA,NA,NA,NA
"95","chr08:32885733:GGACT:-","chr08",32885733,32885734,"GGACT","-",1,5,"intron (MELO3C003181.2.1, intron 3 of 5)","-intron (MELO3C003181.2.1, intron 3 of 5)",15192,"MELO3C003181.2.1","MELO3C003181","MELO3C003181.2","AM3-6",NA,NA,NA,NA,NA,NA,NA,NA,NA,NA,NA,NA,NA,NA,NA,NA,NA,NA,NA,NA,NA,NA,NA,NA,NA,NA,NA,NA,NA,NA,NA,NA,NA,NA,NA,NA,NA,NA,NA,NA,NA,NA,NA,NA,NA,NA,NA,NA,NA,NA,NA,NA,NA,NA,NA,NA,NA,NA,NA,NA,NA,NA,NA,NA,NA,NA,NA,NA,NA,NA,NA,NA,NA,NA,NA,NA,NA,NA
"96","chr08:34439784:GGACA:+","chr08",34439784,34439785,"GGACA","+",0.5,6,"TTS (MELO3C003279.2.1)","-TTS (MELO3C003279.2.1)",399,"MELO3C003279.2.1","","","AM3-6",NA,NA,NA,NA,NA,NA,NA,NA,NA,NA,NA,NA,NA,NA,NA,NA,NA,NA,NA,NA,NA,NA,NA,NA,NA,NA,NA,NA,NA,NA,NA,NA,NA,NA,NA,NA,NA,NA,NA,NA,NA,NA,NA,NA,NA,NA,NA,NA,NA,NA,NA,NA,NA,NA,NA,NA,NA,NA,NA,NA,NA,NA,NA,NA,NA,NA,NA,NA,NA,NA,NA,NA,NA,NA,NA,NA,NA,NA
"97","chr08:34463472:GGACA:+","chr08",34463472,34463473,"GGACA","+",0,6,"intron (MELO3C003282.2.1, intron 10 of 11)","-intron (MELO3C003282.2.1, intron 10 of 11)",-4640,"MELO3C033512.2.1","MELO3C033512","MELO3C033512.2","AM3-6",NA,NA,NA,NA,NA,NA,NA,NA,NA,NA,NA,NA,NA,NA,NA,NA,NA,NA,NA,NA,NA,NA,NA,NA,NA,NA,NA,NA,NA,NA,NA,NA,NA,NA,NA,NA,NA,NA,NA,NA,NA,NA,NA,NA,NA,NA,NA,NA,NA,NA,NA,NA,NA,NA,NA,NA,NA,NA,NA,NA,NA,NA,NA,NA,NA,NA,NA,NA,NA,NA,NA,NA,NA,NA,NA,NA,NA,NA
"98","chr08:351434:GGACA:-","chr08",351434,351435,"GGACA","-",0.75,6,"intron (MELO3C007035.2.1, intron 1 of 10)","-intron (MELO3C007035.2.1, intron 1 of 10)",819,"MELO3C007035.2.1","MELO3C007035","MELO3C007035.2","AM3-6",NA,NA,NA,NA,NA,NA,NA,NA,NA,NA,NA,NA,NA,NA,NA,NA,NA,NA,NA,NA,NA,NA,NA,NA,NA,NA,NA,NA,NA,NA,NA,NA,NA,NA,NA,NA,NA,NA,NA,NA,NA,NA,NA,NA,NA,NA,NA,NA,NA,NA,NA,NA,NA,NA,NA,NA,NA,NA,NA,NA,NA,NA,NA,NA,NA,NA,NA,NA,NA,NA,NA,NA,NA,NA,NA,NA,NA,NA
"99","chr08:362895:AGACT:-","chr08",362895,362896,"AGACT","-",1,5,"intron (MELO3C007036.2.1, intron 15 of 54)","-intron (MELO3C007036.2.1, intron 15 of 54)",8493,"MELO3C007036.2.1","MELO3C007036","MELO3C007036.2","AM3-6",NA,NA,NA,NA,NA,NA,NA,NA,NA,NA,NA,NA,NA,NA,NA,NA,NA,NA,NA,NA,NA,NA,NA,NA,NA,NA,NA,NA,NA,NA,NA,NA,NA,NA,NA,NA,NA,NA,NA,NA,NA,NA,NA,NA,NA,NA,NA,NA,NA,NA,NA,NA,NA,NA,NA,NA,NA,NA,NA,NA,NA,NA,NA,NA,NA,NA,NA,NA,NA,NA,NA,NA,NA,NA,NA,NA,NA,NA
"100","chr08:366063:GGACC:-","chr08",366063,366064,"GGACC","-",0.8,6,"exon (MELO3C007036.2.1, exon 21 of 55)","-exon (MELO3C007036.2.1, exon 21 of 55)",11661,"MELO3C007036.2.1","MELO3C007036","MELO3C007036.2","AM3-6",NA,NA,NA,NA,NA,NA,NA,NA,NA,NA,NA,NA,NA,NA,NA,NA,NA,NA,NA,NA,NA,NA,NA,NA,NA,NA,NA,NA,NA,NA,NA,NA,NA,NA,NA,NA,NA,NA,NA,NA,NA,NA,NA,NA,NA,NA,NA,NA,NA,NA,NA,NA,NA,NA,NA,NA,NA,NA,NA,NA,NA,NA,NA,NA,NA,NA,NA,NA,NA,NA,NA,NA,NA,NA,NA,NA,NA,NA
"101","chr08:7143525:GGACT:-","chr08",7143525,7143526,"GGACT","-",1,5,"intron (MELO3C008041.2.1, intron 8 of 8)","-intron (MELO3C008041.2.1, intron 8 of 8)",-2564,"MELO3C008042.2.1","MELO3C008042","MELO3C008042.2","AM3-6",NA,NA,NA,NA,NA,NA,NA,NA,NA,NA,NA,NA,NA,NA,NA,NA,NA,NA,NA,NA,NA,NA,NA,NA,NA,NA,NA,NA,NA,NA,NA,NA,NA,NA,NA,NA,NA,NA,NA,NA,NA,NA,NA,NA,NA,NA,NA,NA,NA,NA,NA,NA,NA,NA,NA,NA,NA,NA,NA,NA,NA,NA,NA,NA,NA,NA,NA,NA,NA,NA,NA,NA,NA,NA,NA,NA,NA,NA
"102","chr09:13517757:GGACC:+","chr09",13517757,13517758,"GGACC","+",0.6667,5,"promoter-TSS (MELO3C033695.2.1)","-promoter-TSS (MELO3C033695.2.1)",-551,"MELO3C033695.2.1","MELO3C033695","MELO3C033695.2","AM3-6",NA,NA,NA,NA,NA,NA,NA,NA,NA,NA,NA,NA,NA,NA,NA,NA,NA,NA,NA,NA,NA,NA,NA,NA,NA,NA,NA,NA,NA,NA,NA,NA,NA,NA,NA,NA,NA,NA,NA,NA,NA,NA,NA,NA,NA,NA,NA,NA,NA,NA,NA,NA,NA,NA,NA,NA,NA,NA,NA,NA,NA,NA,NA,NA,NA,NA,NA,NA,NA,NA,NA,NA,NA,NA,NA,NA,NA,NA
"103","chr09:19664113:GGACT:-","chr09",19664113,19664114,"GGACT","-",0.8,8,"promoter-TSS (MELO3C033976.2.1)","-promoter-TSS (MELO3C033976.2.1)",291,"MELO3C033977.2.1","","","AM3-6",NA,NA,NA,NA,NA,NA,NA,NA,NA,NA,NA,NA,NA,NA,NA,NA,NA,NA,NA,NA,NA,NA,NA,NA,NA,NA,NA,NA,NA,NA,NA,NA,NA,NA,NA,NA,NA,NA,NA,NA,NA,NA,NA,NA,NA,NA,NA,NA,NA,NA,NA,NA,NA,NA,NA,NA,NA,NA,NA,NA,NA,NA,NA,NA,NA,NA,NA,NA,NA,NA,NA,NA,NA,NA,NA,NA,NA,NA
"104","chr09:23447345:GGACA:+","chr09",23447345,23447346,"GGACA","+",0,5,"promoter-TSS (MELO3C005683.2.1)","-promoter-TSS (MELO3C005683.2.1)",-752,"MELO3C005683.2.1","","","AM3-6",NA,NA,NA,NA,NA,NA,NA,NA,NA,NA,NA,NA,NA,NA,NA,NA,NA,NA,NA,NA,NA,NA,NA,NA,NA,NA,NA,NA,NA,NA,NA,NA,NA,NA,NA,NA,NA,NA,NA,NA,NA,NA,NA,NA,NA,NA,NA,NA,NA,NA,NA,NA,NA,NA,NA,NA,NA,NA,NA,NA,NA,NA,NA,NA,NA,NA,NA,NA,NA,NA,NA,NA,NA,NA,NA,NA,NA,NA
"105","chr09:3690538:GGACT:+","chr09",3690538,3690539,"GGACT","+",0,5,"promoter-TSS (MELO3C033560.2.1)","-promoter-TSS (MELO3C033560.2.1)",-859,"MELO3C033560.2.1","MELO3C033560","MELO3C033560.2","AM3-6",NA,NA,NA,NA,NA,NA,NA,NA,NA,NA,NA,NA,NA,NA,NA,NA,NA,NA,NA,NA,NA,NA,NA,NA,NA,NA,NA,NA,NA,NA,NA,NA,NA,NA,NA,NA,NA,NA,NA,NA,NA,NA,NA,NA,NA,NA,NA,NA,NA,NA,NA,NA,NA,NA,NA,NA,NA,NA,NA,NA,NA,NA,NA,NA,NA,NA,NA,NA,NA,NA,NA,NA,NA,NA,NA,NA,NA,NA
"106","chr09:4007173:AGACT:-","chr09",4007173,4007174,"AGACT","-",0.9136,91,"TTS (MELO3C033569.2.1)","-TTS (MELO3C033569.2.1)",462,"MELO3C033568.2.1","MELO3C033568","MELO3C033568.2","AM3-6",NA,NA,NA,NA,NA,NA,NA,NA,NA,NA,NA,NA,NA,NA,NA,NA,NA,NA,NA,NA,NA,NA,NA,NA,NA,NA,NA,NA,NA,NA,NA,NA,NA,NA,NA,NA,NA,NA,NA,NA,NA,NA,NA,NA,NA,NA,NA,NA,NA,NA,NA,NA,NA,NA,NA,NA,NA,NA,NA,NA,NA,NA,NA,NA,NA,NA,NA,NA,NA,NA,NA,NA,NA,NA,NA,NA,NA,NA
"107","chr09:4010307:GGACC:+","chr09",4010307,4010308,"GGACC","+",0.25,6,"promoter-TSS (MELO3C033570.2.1)","-promoter-TSS (MELO3C033570.2.1)",-814,"MELO3C033570.2.1","MELO3C033570","MELO3C033570.2","AM3-6",NA,NA,NA,NA,NA,NA,NA,NA,NA,NA,NA,NA,NA,NA,NA,NA,NA,NA,NA,NA,NA,NA,NA,NA,NA,NA,NA,NA,NA,NA,NA,NA,NA,NA,NA,NA,NA,NA,NA,NA,NA,NA,NA,NA,NA,NA,NA,NA,NA,NA,NA,NA,NA,NA,NA,NA,NA,NA,NA,NA,NA,NA,NA,NA,NA,NA,NA,NA,NA,NA,NA,NA,NA,NA,NA,NA,NA,NA
"108","chr09:4114451:AGACT:+","chr09",4114451,4114452,"AGACT","+",0.9091,11,"intron (MELO3C033684.2.1, intron 4 of 9)","-intron (MELO3C033684.2.1, intron 4 of 9)",3079,"MELO3C033684.2.1","MELO3C033684","MELO3C033684.2","AM3-6",NA,NA,NA,NA,NA,NA,NA,NA,NA,NA,NA,NA,NA,NA,NA,NA,NA,NA,NA,NA,NA,NA,NA,NA,NA,NA,NA,NA,NA,NA,NA,NA,NA,NA,NA,NA,NA,NA,NA,NA,NA,NA,NA,NA,NA,NA,NA,NA,NA,NA,NA,NA,NA,NA,NA,NA,NA,NA,NA,NA,NA,NA,NA,NA,NA,NA,NA,NA,NA,NA,NA,NA,NA,NA,NA,NA,NA,NA
"109","chr10:13114544:AGACT:+","chr10",13114544,13114545,"AGACT","+",0.6,5,"TTS (MELO3C034371.2.1)","-TTS (MELO3C034371.2.1)",8625,"MELO3C034371.2.1","MELO3C034371","MELO3C034371.2","AM3-6",NA,NA,NA,NA,NA,NA,NA,NA,NA,NA,NA,NA,NA,NA,NA,NA,NA,NA,NA,NA,NA,NA,NA,NA,NA,NA,NA,NA,NA,NA,NA,NA,NA,NA,NA,NA,NA,NA,NA,NA,NA,NA,NA,NA,NA,NA,NA,NA,NA,NA,NA,NA,NA,NA,NA,NA,NA,NA,NA,NA,NA,NA,NA,NA,NA,NA,NA,NA,NA,NA,NA,NA,NA,NA,NA,NA,NA,NA
"110","chr10:23217271:GGACA:-","chr10",23217271,23217272,"GGACA","-",0.6667,5,"promoter-TSS (MELO3C022876.2.1)","-promoter-TSS (MELO3C022876.2.1)",84,"MELO3C022876.2.1","","","AM3-6",NA,NA,NA,NA,NA,NA,NA,NA,NA,NA,NA,NA,NA,NA,NA,NA,NA,NA,NA,NA,NA,NA,NA,NA,NA,NA,NA,NA,NA,NA,NA,NA,NA,NA,NA,NA,NA,NA,NA,NA,NA,NA,NA,NA,NA,NA,NA,NA,NA,NA,NA,NA,NA,NA,NA,NA,NA,NA,NA,NA,NA,NA,NA,NA,NA,NA,NA,NA,NA,NA,NA,NA,NA,NA,NA,NA,NA,NA
"111","chr10:2666084:GGACT:+","chr10",2666084,2666085,"GGACT","+",0.2,6,"exon (MELO3C012093.2.1, exon 2 of 6)","-exon (MELO3C012093.2.1, exon 2 of 6)",866,"MELO3C012093.2.1","","","AM3-6",NA,NA,NA,NA,NA,NA,NA,NA,NA,NA,NA,NA,NA,NA,NA,NA,NA,NA,NA,NA,NA,NA,NA,NA,NA,NA,NA,NA,NA,NA,NA,NA,NA,NA,NA,NA,NA,NA,NA,NA,NA,NA,NA,NA,NA,NA,NA,NA,NA,NA,NA,NA,NA,NA,NA,NA,NA,NA,NA,NA,NA,NA,NA,NA,NA,NA,NA,NA,NA,NA,NA,NA,NA,NA,NA,NA,NA,NA
"112","chr10:6905339:AGACT:-","chr10",6905339,6905340,"AGACT","-",1,5,"promoter-TSS (MELO3C023865.2.1)","-promoter-TSS (MELO3C023865.2.1)",-344,"MELO3C023865.2.1","MELO3C023865","MELO3C023865.2","AM3-6",NA,NA,NA,NA,NA,NA,NA,NA,NA,NA,NA,NA,NA,NA,NA,NA,NA,NA,NA,NA,NA,NA,NA,NA,NA,NA,NA,NA,NA,NA,NA,NA,NA,NA,NA,NA,NA,NA,NA,NA,NA,NA,NA,NA,NA,NA,NA,NA,NA,NA,NA,NA,NA,NA,NA,NA,NA,NA,NA,NA,NA,NA,NA,NA,NA,NA,NA,NA,NA,NA,NA,NA,NA,NA,NA,NA,NA,NA
"113","chr10:809294:GGACC:+","chr10",809294,809295,"GGACC","+",0.2,5,"intron (MELO3C012385.2.1, intron 3 of 8)","-intron (MELO3C012385.2.1, intron 3 of 8)",2029,"MELO3C012385.2.1","MELO3C012385","MELO3C012385.2","AM3-6",NA,NA,NA,NA,NA,NA,NA,NA,NA,NA,NA,NA,NA,NA,NA,NA,NA,NA,NA,NA,NA,NA,NA,NA,NA,NA,NA,NA,NA,NA,NA,NA,NA,NA,NA,NA,NA,NA,NA,NA,NA,NA,NA,NA,NA,NA,NA,NA,NA,NA,NA,NA,NA,NA,NA,NA,NA,NA,NA,NA,NA,NA,NA,NA,NA,NA,NA,NA,NA,NA,NA,NA,NA,NA,NA,NA,NA,NA
"114","chr10:811153:GGACT:+","chr10",811153,811154,"GGACT","+",0.25,5,"TTS (MELO3C012384.2.1)","-TTS (MELO3C012384.2.1)",170,"MELO3C012385.2.1","MELO3C012385","MELO3C012385.2","AM3-6",NA,NA,NA,NA,NA,NA,NA,NA,NA,NA,NA,NA,NA,NA,NA,NA,NA,NA,NA,NA,NA,NA,NA,NA,NA,NA,NA,NA,NA,NA,NA,NA,NA,NA,NA,NA,NA,NA,NA,NA,NA,NA,NA,NA,NA,NA,NA,NA,NA,NA,NA,NA,NA,NA,NA,NA,NA,NA,NA,NA,NA,NA,NA,NA,NA,NA,NA,NA,NA,NA,NA,NA,NA,NA,NA,NA,NA,NA
"115","chr10:9795854:GGACA:+","chr10",9795854,9795855,"GGACA","+",0.4,5,"TTS (MELO3C025178.2.1)","-TTS (MELO3C025178.2.1)",967,"MELO3C025178.2.1","MELO3C025178","MELO3C025178.2","AM3-6",NA,NA,NA,NA,NA,NA,NA,NA,NA,NA,NA,NA,NA,NA,NA,NA,NA,NA,NA,NA,NA,NA,NA,NA,NA,NA,NA,NA,NA,NA,NA,NA,NA,NA,NA,NA,NA,NA,NA,NA,NA,NA,NA,NA,NA,NA,NA,NA,NA,NA,NA,NA,NA,NA,NA,NA,NA,NA,NA,NA,NA,NA,NA,NA,NA,NA,NA,NA,NA,NA,NA,NA,NA,NA,NA,NA,NA,NA
"116","chr10:9796068:GGACT:+","chr10",9796068,9796069,"GGACT","+",0.7143,7,"TTS (MELO3C025178.2.1)","-TTS (MELO3C025178.2.1)",753,"MELO3C025178.2.1","MELO3C025178","MELO3C025178.2","AM3-6",NA,NA,NA,NA,NA,NA,NA,NA,NA,NA,NA,NA,NA,NA,NA,NA,NA,NA,NA,NA,NA,NA,NA,NA,NA,NA,NA,NA,NA,NA,NA,NA,NA,NA,NA,NA,NA,NA,NA,NA,NA,NA,NA,NA,NA,NA,NA,NA,NA,NA,NA,NA,NA,NA,NA,NA,NA,NA,NA,NA,NA,NA,NA,NA,NA,NA,NA,NA,NA,NA,NA,NA,NA,NA,NA,NA,NA,NA
"117","chr11:27723508:GGACC:-","chr11",27723508,27723509,"GGACC","-",0.75,5,"exon (MELO3C025721.2.1, exon 2 of 2)","-exon (MELO3C025721.2.1, exon 2 of 2)",2165,"MELO3C025721.2.1","MELO3C025721","MELO3C025721.2","AM3-6",NA,NA,NA,NA,NA,NA,NA,NA,NA,NA,NA,NA,NA,NA,NA,NA,NA,NA,NA,NA,NA,NA,NA,NA,NA,NA,NA,NA,NA,NA,NA,NA,NA,NA,NA,NA,NA,NA,NA,NA,NA,NA,NA,NA,NA,NA,NA,NA,NA,NA,NA,NA,NA,NA,NA,NA,NA,NA,NA,NA,NA,NA,NA,NA,NA,NA,NA,NA,NA,NA,NA,NA,NA,NA,NA,NA,NA,NA
"118","chr11:29193413:GGACC:-","chr11",29193413,29193414,"GGACC","-",1,6,"intron (MELO3C021464.2.1, intron 4 of 6)","-intron (MELO3C021464.2.1, intron 4 of 6)",2299,"MELO3C021464.2.1","MELO3C021464","MELO3C021464.2","AM3-6",NA,NA,NA,NA,NA,NA,NA,NA,NA,NA,NA,NA,NA,NA,NA,NA,NA,NA,NA,NA,NA,NA,NA,NA,NA,NA,NA,NA,NA,NA,NA,NA,NA,NA,NA,NA,NA,NA,NA,NA,NA,NA,NA,NA,NA,NA,NA,NA,NA,NA,NA,NA,NA,NA,NA,NA,NA,NA,NA,NA,NA,NA,NA,NA,NA,NA,NA,NA,NA,NA,NA,NA,NA,NA,NA,NA,NA,NA
"119","chr11:33946593:GGACC:+","chr11",33946593,33946594,"GGACC","+",0.3333,6,"promoter-TSS (MELO3C022472.2.1)","-promoter-TSS (MELO3C022472.2.1)",-871,"MELO3C022472.2.1","MELO3C022472","MELO3C022472.2","AM3-6",NA,NA,NA,NA,NA,NA,NA,NA,NA,NA,NA,NA,NA,NA,NA,NA,NA,NA,NA,NA,NA,NA,NA,NA,NA,NA,NA,NA,NA,NA,NA,NA,NA,NA,NA,NA,NA,NA,NA,NA,NA,NA,NA,NA,NA,NA,NA,NA,NA,NA,NA,NA,NA,NA,NA,NA,NA,NA,NA,NA,NA,NA,NA,NA,NA,NA,NA,NA,NA,NA,NA,NA,NA,NA,NA,NA,NA,NA
"120","chr11:4731288:GGACA:+","chr11",4731288,4731289,"GGACA","+",1,7,"intron (MELO3C021947.2.1, intron 8 of 8)","-intron (MELO3C021947.2.1, intron 8 of 8)",7433,"MELO3C021947.2.1","MELO3C021947","MELO3C021947.2","AM3-6",NA,NA,NA,NA,NA,NA,NA,NA,NA,NA,NA,NA,NA,NA,NA,NA,NA,NA,NA,NA,NA,NA,NA,NA,NA,NA,NA,NA,NA,NA,NA,NA,NA,NA,NA,NA,NA,NA,NA,NA,NA,NA,NA,NA,NA,NA,NA,NA,NA,NA,NA,NA,NA,NA,NA,NA,NA,NA,NA,NA,NA,NA,NA,NA,NA,NA,NA,NA,NA,NA,NA,NA,NA,NA,NA,NA,NA,NA
"121","chr11:4732958:AGACT:+","chr11",4732958,4732959,"AGACT","+",0.25,6,"intron (MELO3C021947.2.1, intron 8 of 8)","-intron (MELO3C021947.2.1, intron 8 of 8)",9103,"MELO3C021947.2.1","MELO3C021947","MELO3C021947.2","AM3-6",NA,NA,NA,NA,NA,NA,NA,NA,NA,NA,NA,NA,NA,NA,NA,NA,NA,NA,NA,NA,NA,NA,NA,NA,NA,NA,NA,NA,NA,NA,NA,NA,NA,NA,NA,NA,NA,NA,NA,NA,NA,NA,NA,NA,NA,NA,NA,NA,NA,NA,NA,NA,NA,NA,NA,NA,NA,NA,NA,NA,NA,NA,NA,NA,NA,NA,NA,NA,NA,NA,NA,NA,NA,NA,NA,NA,NA,NA
"122","chr12:1423072:GGACC:-","chr12",1423072,1423073,"GGACC","-",0.8,5,"promoter-TSS (MELO3C020603.2.1)","-promoter-TSS (MELO3C020603.2.1)",-548,"MELO3C020603.2.1","MELO3C020603","MELO3C020603.2","AM3-6",NA,NA,NA,NA,NA,NA,NA,NA,NA,NA,NA,NA,NA,NA,NA,NA,NA,NA,NA,NA,NA,NA,NA,NA,NA,NA,NA,NA,NA,NA,NA,NA,NA,NA,NA,NA,NA,NA,NA,NA,NA,NA,NA,NA,NA,NA,NA,NA,NA,NA,NA,NA,NA,NA,NA,NA,NA,NA,NA,NA,NA,NA,NA,NA,NA,NA,NA,NA,NA,NA,NA,NA,NA,NA,NA,NA,NA,NA
"123","chr12:19991881:GGACA:-","chr12",19991881,19991882,"GGACA","-",0.6667,5,"intron (MELO3C002829.2.1, intron 2 of 4)","-intron (MELO3C002829.2.1, intron 2 of 4)",1865,"MELO3C002829.2.1","","","AM3-6",NA,NA,NA,NA,NA,NA,NA,NA,NA,NA,NA,NA,NA,NA,NA,NA,NA,NA,NA,NA,NA,NA,NA,NA,NA,NA,NA,NA,NA,NA,NA,NA,NA,NA,NA,NA,NA,NA,NA,NA,NA,NA,NA,NA,NA,NA,NA,NA,NA,NA,NA,NA,NA,NA,NA,NA,NA,NA,NA,NA,NA,NA,NA,NA,NA,NA,NA,NA,NA,NA,NA,NA,NA,NA,NA,NA,NA,NA
"124","chr12:23110570:GGACA:+","chr12",23110570,23110571,"GGACA","+",0,5,"intron (MELO3C035525.2.1, intron 1 of 4)","-intron (MELO3C035525.2.1, intron 1 of 4)",1058,"MELO3C035525.2.1","MELO3C035525","MELO3C035525.2","AM3-6",NA,NA,NA,NA,NA,NA,NA,NA,NA,NA,NA,NA,NA,NA,NA,NA,NA,NA,NA,NA,NA,NA,NA,NA,NA,NA,NA,NA,NA,NA,NA,NA,NA,NA,NA,NA,NA,NA,NA,NA,NA,NA,NA,NA,NA,NA,NA,NA,NA,NA,NA,NA,NA,NA,NA,NA,NA,NA,NA,NA,NA,NA,NA,NA,NA,NA,NA,NA,NA,NA,NA,NA,NA,NA,NA,NA,NA,NA
"125","chr12:23110986:GGACC:+","chr12",23110986,23110987,"GGACC","+",0,5,"intron (MELO3C035525.2.1, intron 1 of 4)","-intron (MELO3C035525.2.1, intron 1 of 4)",642,"MELO3C035525.2.1","MELO3C035525","MELO3C035525.2","AM3-6",NA,NA,NA,NA,NA,NA,NA,NA,NA,NA,NA,NA,NA,NA,NA,NA,NA,NA,NA,NA,NA,NA,NA,NA,NA,NA,NA,NA,NA,NA,NA,NA,NA,NA,NA,NA,NA,NA,NA,NA,NA,NA,NA,NA,NA,NA,NA,NA,NA,NA,NA,NA,NA,NA,NA,NA,NA,NA,NA,NA,NA,NA,NA,NA,NA,NA,NA,NA,NA,NA,NA,NA,NA,NA,NA,NA,NA,NA
"126","chr12:24647172:GGACT:+","chr12",24647172,24647173,"GGACT","+",0,5,"intron (MELO3C002354.2.1, intron 4 of 7)","-intron (MELO3C002354.2.1, intron 4 of 7)",1988,"MELO3C002354.2.1","MELO3C002354","MELO3C002354.2","AM3-6",NA,NA,NA,NA,NA,NA,NA,NA,NA,NA,NA,NA,NA,NA,NA,NA,NA,NA,NA,NA,NA,NA,NA,NA,NA,NA,NA,NA,NA,NA,NA,NA,NA,NA,NA,NA,NA,NA,NA,NA,NA,NA,NA,NA,NA,NA,NA,NA,NA,NA,NA,NA,NA,NA,NA,NA,NA,NA,NA,NA,NA,NA,NA,NA,NA,NA,NA,NA,NA,NA,NA,NA,NA,NA,NA,NA,NA,NA
"127","chr12:25042750:GGACT:-","chr12",25042750,25042751,"GGACT","-",0.8,5,"promoter-TSS (MELO3C002300.2.1)","-promoter-TSS (MELO3C002300.2.1)",-317,"MELO3C002300.2.1","MELO3C002300","MELO3C002300.2","AM3-6",NA,NA,NA,NA,NA,NA,NA,NA,NA,NA,NA,NA,NA,NA,NA,NA,NA,NA,NA,NA,NA,NA,NA,NA,NA,NA,NA,NA,NA,NA,NA,NA,NA,NA,NA,NA,NA,NA,NA,NA,NA,NA,NA,NA,NA,NA,NA,NA,NA,NA,NA,NA,NA,NA,NA,NA,NA,NA,NA,NA,NA,NA,NA,NA,NA,NA,NA,NA,NA,NA,NA,NA,NA,NA,NA,NA,NA,NA
"128","chr12:25042855:GGACA:-","chr12",25042855,25042856,"GGACA","-",0.75,5,"promoter-TSS (MELO3C002300.2.1)","-promoter-TSS (MELO3C002300.2.1)",-422,"MELO3C002300.2.1","MELO3C002300","MELO3C002300.2","AM3-6",NA,NA,NA,NA,NA,NA,NA,NA,NA,NA,NA,NA,NA,NA,NA,NA,NA,NA,NA,NA,NA,NA,NA,NA,NA,NA,NA,NA,NA,NA,NA,NA,NA,NA,NA,NA,NA,NA,NA,NA,NA,NA,NA,NA,NA,NA,NA,NA,NA,NA,NA,NA,NA,NA,NA,NA,NA,NA,NA,NA,NA,NA,NA,NA,NA,NA,NA,NA,NA,NA,NA,NA,NA,NA,NA,NA,NA,NA
"129","chr12:25044006:GGACC:-","chr12",25044006,25044007,"GGACC","-",0.75,5,"intron (MELO3C002299.2.1, intron 11 of 13)","-intron (MELO3C002299.2.1, intron 11 of 13)",-1573,"MELO3C002300.2.1","MELO3C002300","MELO3C002300.2","AM3-6",NA,NA,NA,NA,NA,NA,NA,NA,NA,NA,NA,NA,NA,NA,NA,NA,NA,NA,NA,NA,NA,NA,NA,NA,NA,NA,NA,NA,NA,NA,NA,NA,NA,NA,NA,NA,NA,NA,NA,NA,NA,NA,NA,NA,NA,NA,NA,NA,NA,NA,NA,NA,NA,NA,NA,NA,NA,NA,NA,NA,NA,NA,NA,NA,NA,NA,NA,NA,NA,NA,NA,NA,NA,NA,NA,NA,NA,NA
"130","chr12:26173750:GGACC:+","chr12",26173750,26173751,"GGACC","+",0.4,5,"exon (MELO3C002123.2.1, exon 3 of 4)","-exon (MELO3C002123.2.1, exon 3 of 4)",796,"MELO3C035758.2.1","MELO3C035758","MELO3C035758.2","AM3-6",NA,NA,NA,NA,NA,NA,NA,NA,NA,NA,NA,NA,NA,NA,NA,NA,NA,NA,NA,NA,NA,NA,NA,NA,NA,NA,NA,NA,NA,NA,NA,NA,NA,NA,NA,NA,NA,NA,NA,NA,NA,NA,NA,NA,NA,NA,NA,NA,NA,NA,NA,NA,NA,NA,NA,NA,NA,NA,NA,NA,NA,NA,NA,NA,NA,NA,NA,NA,NA,NA,NA,NA,NA,NA,NA,NA,NA,NA
"131","chr12:27441921:GGACC:+","chr12",27441921,27441922,"GGACC","+",0.2,5,"intron (MELO3C001926.2.1, intron 3 of 20)","-intron (MELO3C001926.2.1, intron 3 of 20)",2644,"MELO3C001926.2.1","","","AM3-6",NA,NA,NA,NA,NA,NA,NA,NA,NA,NA,NA,NA,NA,NA,NA,NA,NA,NA,NA,NA,NA,NA,NA,NA,NA,NA,NA,NA,NA,NA,NA,NA,NA,NA,NA,NA,NA,NA,NA,NA,NA,NA,NA,NA,NA,NA,NA,NA,NA,NA,NA,NA,NA,NA,NA,NA,NA,NA,NA,NA,NA,NA,NA,NA,NA,NA,NA,NA,NA,NA,NA,NA,NA,NA,NA,NA,NA,NA
